-- --------------------------------------------------------
-- Host:                         127.0.0.1
-- Server version:               5.7.17-0ubuntu0.16.04.1 - (Ubuntu)
-- Server OS:                    Linux
-- HeidiSQL Version:             9.4.0.5125
-- --------------------------------------------------------

/*!40101 SET @OLD_CHARACTER_SET_CLIENT=@@CHARACTER_SET_CLIENT */;
/*!40101 SET NAMES utf8 */;
/*!50503 SET NAMES utf8mb4 */;
/*!40014 SET @OLD_FOREIGN_KEY_CHECKS=@@FOREIGN_KEY_CHECKS, FOREIGN_KEY_CHECKS=0 */;
/*!40101 SET @OLD_SQL_MODE=@@SQL_MODE, SQL_MODE='NO_AUTO_VALUE_ON_ZERO' */;

-- Dumping structure for table library.departments
DROP TABLE IF EXISTS `departments`;
CREATE TABLE IF NOT EXISTS `departments` (
  `dept_code` varchar(50) NOT NULL DEFAULT '0',
  `dept_name` varchar(100) NOT NULL DEFAULT '0',
  PRIMARY KEY (`dept_code`),
  UNIQUE KEY `dept_code` (`dept_code`)
) ENGINE=InnoDB DEFAULT CHARSET=latin1;

-- Dumping data for table library.departments: ~17 rows (approximately)
/*!40000 ALTER TABLE `departments` DISABLE KEYS */;
INSERT INTO `departments` (`dept_code`, `dept_name`) VALUES
	('BIO', 'Biosciences & Bioengineering'),
	('CEG', 'Chemical Eng.'),
	('CHE', 'Chemistry'),
	('CIV', 'Civil Eng.'),
	('CLST', 'Centre for Rural Tech'),
	('CRT', 'Centre for Nano-Tech'),
	('CSE', 'Computer Science & Eng.'),
	('DES', 'Design'),
	('EEE', 'Electronics & Electrical Eng.'),
	('GEN', 'General + Preparatory Course'),
	('HSS', 'Humanities & Social Sciences'),
	('MAT', 'Mathematics'),
	('MEC', 'Mechanical Eng.'),
	('ONA', 'Centre for Linguistic Sc. & Tech'),
	('ONG', 'Centre for Energy'),
	('ONV', 'Centre for Environment'),
	('PHY', 'Physics');
/*!40000 ALTER TABLE `departments` ENABLE KEYS */;

-- Dumping structure for table library.groups
DROP TABLE IF EXISTS `groups`;
CREATE TABLE IF NOT EXISTS `groups` (
  `id` mediumint(8) unsigned NOT NULL AUTO_INCREMENT,
  `name` varchar(20) NOT NULL,
  `description` varchar(100) NOT NULL,
  PRIMARY KEY (`id`)
) ENGINE=InnoDB AUTO_INCREMENT=3 DEFAULT CHARSET=utf8;

-- Dumping data for table library.groups: ~2 rows (approximately)
/*!40000 ALTER TABLE `groups` DISABLE KEYS */;
INSERT INTO `groups` (`id`, `name`, `description`) VALUES
	(1, 'admin', 'Administrator'),
	(2, 'members', 'General User');
/*!40000 ALTER TABLE `groups` ENABLE KEYS */;

-- Dumping structure for table library.library_files
DROP TABLE IF EXISTS `library_files`;
CREATE TABLE IF NOT EXISTS `library_files` (
  `file_id` int(10) unsigned NOT NULL AUTO_INCREMENT,
  `file_name` varchar(500) DEFAULT NULL,
  `file_description` varchar(1000) NOT NULL,
  PRIMARY KEY (`file_id`)
) ENGINE=InnoDB AUTO_INCREMENT=18 DEFAULT CHARSET=latin1;

-- Dumping data for table library.library_files: ~17 rows (approximately)
/*!40000 ALTER TABLE `library_files` DISABLE KEYS */;
INSERT INTO `library_files` (`file_id`, `file_name`, `file_description`) VALUES
	(1, 'c711e-ndl.pdf', 'ndl notice'),
	(2, '3b7ae-prowessiq.pdf', 'prowess IQ'),
	(3, '50cd3-indenttb.pdf', 'indent form pdf'),
	(4, '50ddb-indenttb.docx', 'indent form doc'),
	(5, '84584-indentgb.pdf', 'indent other than textbook'),
	(6, '29a72-indentgb.docx', 'indent other than textbook'),
	(7, '3fd98-gfindent.pdf', 'For General Fund Book'),
	(8, '412ab-gfindent.doc', 'For General Fund Book'),
	(9, '9c767-mem.pdf', ' Library Membership Form  (for IITG Member only)'),
	(10, '836ca-mem.doc', ' Library Membership Form  (for IITG Member only)'),
	(11, 'dd741-emform.pdf', 'External Membership Form  (for Visitors)'),
	(12, '3e495-applicationform.pdf', 'Application Form   (for IITG STUDENTS only)'),
	(13, '33cdb-applicationform.docx', 'Application Form   (for IITG STUDENTS only)'),
	(14, '4ec79-requisitionform.pdf', 'Requisition Form for Part-Time work (for LIBRARY USE Only)'),
	(15, '00c41-requisitionform.docx', 'Requisition Form for Part-Time work (for LIBRARY USE Only)'),
	(16, 'a3d9d-itemsearchform.pdf', 'Search Request Form'),
	(17, 'c6488-atrapitis.gif', 'test image');
/*!40000 ALTER TABLE `library_files` ENABLE KEYS */;

-- Dumping structure for table library.library_form
DROP TABLE IF EXISTS `library_form`;
CREATE TABLE IF NOT EXISTS `library_form` (
  `form_id` int(10) unsigned NOT NULL AUTO_INCREMENT,
  `form_group_id` int(10) unsigned NOT NULL,
  `form_order` int(10) NOT NULL,
  `form_name` varchar(500) NOT NULL,
  `form_pdf_link` varchar(1000) NOT NULL,
  `form_doc_link` varchar(1000) NOT NULL,
  PRIMARY KEY (`form_id`),
  KEY `FK_library_form_library_form_groups` (`form_group_id`),
  CONSTRAINT `FK_library_form_library_form_groups` FOREIGN KEY (`form_group_id`) REFERENCES `library_form_groups` (`form_group_id`)
) ENGINE=InnoDB AUTO_INCREMENT=11 DEFAULT CHARSET=latin1;

-- Dumping data for table library.library_form: ~8 rows (approximately)
/*!40000 ALTER TABLE `library_form` DISABLE KEYS */;
INSERT INTO `library_form` (`form_id`, `form_group_id`, `form_order`, `form_name`, `form_pdf_link`, `form_doc_link`) VALUES
	(1, 1, 1, 'For Text Book Only', 'http://127.0.0.1:8000/resources/uploads/50cd3-indenttb.pdf', 'http://127.0.0.1:8000/resources/uploads/50ddb-indenttb.docx'),
	(2, 1, 2, 'For other than Text Book', 'http://127.0.0.1:8000/resources/uploads/84584-indentgb.pdf', 'http://127.0.0.1:8000/resources/uploads/29a72-indentgb.docx'),
	(3, 1, 3, 'For General Fund Book', 'http://127.0.0.1:8000/resources/uploads/3fd98-gfindent.pdf', 'http://127.0.0.1:8000/resources/uploads/412ab-gfindent.doc'),
	(4, 2, 1, 'Library Membership Form  (for IITG Member only)', 'http://127.0.0.1:8000/resources/uploads/9c767-mem.pdf', 'http://127.0.0.1:8000/resources/uploads/836ca-mem.doc'),
	(7, 2, 2, 'External Membership Form  (for Visitors)	', 'http://127.0.0.1:8000/resources/uploads/dd741-emform.pdf', ''),
	(8, 3, 1, 'Application Form   (for IITG STUDENTS only)', 'http://127.0.0.1:8000/resources/uploads/3e495-applicationform.pdf', 'http://127.0.0.1:8000/resources/uploads/33cdb-applicationform.docx'),
	(9, 3, 2, 'Requisition Form for Part-Time work (for LIBRARY USE Only)', 'http://127.0.0.1:8000/resources/uploads/4ec79-requisitionform.pdf', 'http://127.0.0.1:8000/resources/uploads/00c41-requisitionform.docx'),
	(10, 4, 1, 'Search Request Form', 'http://127.0.0.1:8000/resources/uploads/a3d9d-itemsearchform.pdf', '');
/*!40000 ALTER TABLE `library_form` ENABLE KEYS */;

-- Dumping structure for table library.library_form_groups
DROP TABLE IF EXISTS `library_form_groups`;
CREATE TABLE IF NOT EXISTS `library_form_groups` (
  `form_group_id` int(10) unsigned NOT NULL AUTO_INCREMENT,
  `form_group_name` varchar(500) NOT NULL DEFAULT '0',
  `form_group_order` int(11) NOT NULL DEFAULT '0',
  PRIMARY KEY (`form_group_id`)
) ENGINE=InnoDB AUTO_INCREMENT=5 DEFAULT CHARSET=latin1;

-- Dumping data for table library.library_form_groups: ~4 rows (approximately)
/*!40000 ALTER TABLE `library_form_groups` DISABLE KEYS */;
INSERT INTO `library_form_groups` (`form_group_id`, `form_group_name`, `form_group_order`) VALUES
	(1, 'Book Requisition Form', 1),
	(2, 'Membership Form', 2),
	(3, 'Forms for Part-Time work in the Central Library (For IITG Students Only)', 3),
	(4, 'Search Request Form', 4);
/*!40000 ALTER TABLE `library_form_groups` ENABLE KEYS */;

-- Dumping structure for table library.library_journal
DROP TABLE IF EXISTS `library_journal`;
CREATE TABLE IF NOT EXISTS `library_journal` (
  `journal_id` int(10) unsigned NOT NULL AUTO_INCREMENT,
  `journal_title` varchar(2000) NOT NULL,
  `journal_url` varchar(5000) DEFAULT NULL,
  `dept_code` varchar(50) NOT NULL,
  `publisher` varchar(100) NOT NULL,
  `publisher_url` varchar(5000) DEFAULT NULL,
  `format` varchar(200) DEFAULT NULL,
  `issn_no` varchar(200) DEFAULT NULL,
  `availability` mediumtext,
  PRIMARY KEY (`journal_id`),
  UNIQUE KEY `journal_title_publisher_issn_no` (`journal_title`,`publisher`,`issn_no`),
  KEY `FK_library_journal_departments` (`dept_code`),
  CONSTRAINT `FK_library_journal_departments` FOREIGN KEY (`dept_code`) REFERENCES `departments` (`dept_code`)
) ENGINE=InnoDB AUTO_INCREMENT=3632 DEFAULT CHARSET=latin1;

-- Dumping data for table library.library_journal: ~1,754 rows (approximately)
/*!40000 ALTER TABLE `library_journal` DISABLE KEYS */;
INSERT INTO `library_journal` (`journal_id`, `journal_title`, `journal_url`, `dept_code`, `publisher`, `publisher_url`, `format`, `issn_no`, `availability`) VALUES
	(1311, 'ACM Jl.: Computer Documentation', NULL, 'CSE', 'ACM', NULL, 'online', NULL, '20(1996)-26(2002)'),
	(1312, 'ACM Jl.: Computing Surveys', NULL, 'CSE', 'ACM', NULL, 'online', NULL, '30(1998)-35(2003)'),
	(1313, 'ACM Jl.: Jl. of ACM', NULL, 'CSE', 'ACM', NULL, 'online', NULL, '8(1961)-34(1987)<br>43(1996)<br>45(1998)-50 (2003)'),
	(1314, 'ACM Magazine: Communications of ACM', NULL, 'CSE', 'ACM', NULL, 'online', NULL, '39(1996)-46#3-12(2003)'),
	(1315, 'ACM Magazine: Intelligence', NULL, 'CSE', 'ACM', NULL, 'online', NULL, '10(1999)-11(2000)'),
	(1316, 'ACM Magazine: netWorker', NULL, 'CSE', 'ACM', NULL, 'online', NULL, '2(1998)-6(2002)'),
	(1317, 'ACM Magazine: Standard View', NULL, 'CSE', 'ACM', NULL, 'online', NULL, '6(1998)'),
	(1318, 'ACM Newsletters: SIGACT News', NULL, 'CSE', 'ACM', NULL, 'online', NULL, '27(1996)<br>29(1998)-31(2000)'),
	(1319, 'ACM Newsletters: SIGAda Ada Letters', NULL, 'CSE', 'ACM', NULL, 'online', NULL, '16(1996)<br>18(1998)-21(2001)'),
	(1320, 'ACM Newsletters: SIGAPL APL Quote Quad', NULL, 'CSE', 'ACM', NULL, 'online', NULL, '28(1998)-31(2000)'),
	(1321, 'ACM Newsletters: SIGAPP Applied Computing Review', NULL, 'CSE', 'ACM', NULL, 'online', NULL, '4(1996)<br>6(1998)-8(2000)'),
	(1322, 'ACM Newsletters: SIGARCH Computer Architecture News', NULL, 'CSE', 'ACM', NULL, 'online', NULL, '24(1996)<br>26(1998)-28(2000)'),
	(1323, 'ACM Newsletters: SIGART Bulletin', NULL, 'CSE', 'ACM', NULL, 'online', NULL, '7(1996)<br>9(1998)'),
	(1324, 'ACM Newsletters: SIGBIO Newsletters', NULL, 'CSE', 'ACM', NULL, 'online', NULL, '18(1998)-20(2000)'),
	(1325, 'ACM Newsletters: SIGCAS Computers & Society', NULL, 'CSE', 'ACM', NULL, 'online', NULL, '26(1996)<br>28(1998)-30(2000)'),
	(1326, 'ACM Newsletters: SIGCHI Bulletin', NULL, 'CSE', 'ACM', NULL, 'online', NULL, '28(1996)<br>30(1998)-32(2000)'),
	(1327, 'ACM Newsletters: SIGCOMM Computer Communication Review', NULL, 'CSE', 'ACM', NULL, 'online', NULL, '26(1996)<br>28(1998)-30(2000)'),
	(1328, 'ACM Newsletters: SIGCPR Computer Personnel', NULL, 'CSE', 'ACM', NULL, 'online', NULL, '17(1996)<br>19(1998)-20(1999)'),
	(1329, 'ACM Newsletters: SIGCSE Bulletin', NULL, 'CSE', 'ACM', NULL, 'online', NULL, '28(1996)<br>30(1998)-32(2000)'),
	(1330, 'ACM Newsletters: SIGCUE Outlook', NULL, 'CSE', 'ACM', NULL, 'online', NULL, '26(1998)-27(2001)'),
	(1331, 'ACM Newsletters: SIGDA Newsletter', NULL, 'CSE', 'ACM', NULL, 'online', NULL, '26(1996)<br>29(1999)-30(2000)'),
	(1332, 'ACM Newsletters: SIGGRAPH Computer Graphics', NULL, 'CSE', 'ACM', NULL, 'online', NULL, '30(1996)<br>32(1998)-34(2000)<br>(2002)'),
	(1333, 'ACM Newsletters: SIGGROUP Bulletin', NULL, 'CSE', 'ACM', NULL, 'online', NULL, '19(1998)-21(2000)'),
	(1334, 'ACM Newsletters: SIGICE Bulletin', NULL, 'CSE', 'ACM', NULL, 'online', NULL, '21(1996)<br>(2000)'),
	(1335, 'ACM Newsletters: SIGIR Forum', NULL, 'CSE', 'ACM', NULL, 'online', NULL, '30(1996)<br>32(1998)-34(2000)'),
	(1336, 'ACM Newsletters: SIGKDD Explorations', NULL, 'CSE', 'ACM', NULL, 'online', NULL, '1(1999)-2(2000)'),
	(1337, 'ACM Newsletters: SIGMETRICS Performance Evaluation Review', NULL, 'CSE', 'ACM', NULL, 'online', NULL, '26(1998)-28(2000)'),
	(1338, 'ACM Newsletters: SIGMOD Record', NULL, 'CSE', 'ACM', NULL, 'online', NULL, '25(1996)<br> 27(1998)-29(2002)'),
	(1339, 'ACM Newsletters: SIGNUM', NULL, 'CSE', 'ACM', NULL, 'online', NULL, '31(1996)<br>33(1998)'),
	(1340, 'ACM Newsletters: SIGOPS Operating Systems Review', NULL, 'CSE', 'ACM', NULL, 'online', NULL, '30(1996)-32(1998)-34(2000)'),
	(1341, 'ACM Newsletters: SIGPLAN Fortran Forum', NULL, 'CSE', 'ACM', NULL, 'online', NULL, '15(1996)<br>17(1998)-19(2000)'),
	(1342, 'ACM Newsletters: SIGPLAN Notices', NULL, 'CSE', 'ACM', NULL, 'online', NULL, '31(1996)<br>33(1998)-35(2000)'),
	(1343, 'ACM Newsletters: SIGSAM Bulletin', NULL, 'CSE', 'ACM', NULL, 'online', NULL, '30(1996)-34(2000)'),
	(1344, 'ACM Newsletters: SIGUCCS', NULL, 'CSE', 'ACM', NULL, 'online', NULL, '28(1998)'),
	(1345, 'ACM Newsletters: SIGWEB', NULL, 'CSE', 'ACM', NULL, 'online', NULL, '8(1999)-9(2000)'),
	(1346, 'ACM Queue: Tomorrow\'s Computing Today', NULL, 'CSE', 'ACM', NULL, 'online', NULL, '1(2003)'),
	(1347, 'ACM Trans: Asian Language Information Processing', NULL, 'CSE', 'ACM', NULL, 'online', NULL, '1(2002)-2(2003)'),
	(1348, 'ACM Trans: Computational Logic', NULL, 'CSE', 'ACM', NULL, 'online', NULL, '1(2000)-4(2003)'),
	(1349, 'ACM Trans: Computer Human Interaction', NULL, 'CSE', 'ACM', NULL, 'online', NULL, '3(1996)<br>5(1998)-10(2003)'),
	(1350, 'ACM Trans: Computer Systems', NULL, 'CSE', 'ACM', NULL, 'online', NULL, '14(1996)<br>16(1998)-21(2003)'),
	(1351, 'ACM Trans: Database Systems', NULL, 'CSE', 'ACM', NULL, 'online', NULL, '23(1998)-28(2003)'),
	(1352, 'ACM Trans: Design Automation of Electronic Systems', NULL, 'CSE', 'ACM', NULL, 'online', NULL, '1(1996)<br>3(1998)-8(2003)'),
	(1353, 'ACM Trans: Embedded Computing Systems', NULL, 'CSE', 'ACM', NULL, 'online', NULL, '1(2002)-2(2003)'),
	(1354, 'ACM Trans: Graphics', NULL, 'CSE', 'ACM', NULL, 'online', NULL, '15(1996)<br>17(1998)-22(2003)'),
	(1355, 'ACM Trans: Information & Systems Security', NULL, 'CSE', 'ACM', NULL, 'online', NULL, '1(1998)-6(2005)'),
	(1356, 'ACM Trans: Information Systems', NULL, 'CSE', 'ACM', NULL, 'online', NULL, '14(1996)<br>16(1998)-21(2003)'),
	(1357, 'ACM Trans: Internet Technology', NULL, 'CSE', 'ACM', NULL, 'online', NULL, '1(2001)-3(2003)'),
	(1358, 'ACM Trans: Mathematical Software', NULL, 'CSE', 'ACM', NULL, 'online', NULL, '22(1996)<br>24(1998)-29(2003)'),
	(1359, 'ACM Trans: Modeling & Computer Simulation', NULL, 'CSE', 'ACM', NULL, 'online', NULL, '6(1996)<br>8(1998)-13(2003)'),
	(1360, 'ACM Trans: Programming Language & Systems', NULL, 'CSE', 'ACM', NULL, 'online', NULL, '18(1996)<br>20(1998)-25(2003)'),
	(1361, 'ACM Trans: Software Engineering & Methodology', NULL, 'CSE', 'ACM', NULL, 'online', NULL, '5(1996)<br>7(1998)-12(2003)'),
	(1362, 'ACM/CORE Collected Algorithm Supplements', NULL, 'CSE', 'ACM', NULL, 'online', NULL, '1(1980)-4(1989)<br>Supp 147-167(2003)'),
	(1363, 'ACM/CORE Computing Reviews', NULL, 'CSE', 'ACM', NULL, 'online', NULL, '37(1996)<br>39(1998)-42(2001)<br>42(2003)'),
	(1364, 'ACM/NTP Jl. of Graphics Tools', NULL, 'CSE', 'ACM', NULL, 'online', NULL, '2(1998)-7(2002)'),
	(1365, 'ACM/NTP Mobile Networks & Applications', NULL, 'CSE', 'ACM', NULL, 'online', NULL, '3(1998)-7(2002)'),
	(1366, 'ACM/NTP Multimedia Systems', NULL, 'CSE', 'ACM', NULL, 'online', NULL, '4(1996)<br>6(1998)-10(2005)'),
	(1367, 'ACM/NTP Wireless Networks', NULL, 'CSE', 'ACM', NULL, 'online', NULL, '5(1999)-8(2002)'),
	(1368, 'ACM/SIG Computer Human Interaction', NULL, 'CSE', 'ACM', NULL, 'online', NULL, '(1999)-(2000)'),
	(1369, 'ACM/SIG Interactions', NULL, 'CSE', 'ACM', NULL, 'online', NULL, '5(1998)-9(2002)'),
	(1370, 'ACM/SIG Mobile Computing & Communications Review', NULL, 'CSE', 'ACM', NULL, 'online', NULL, '2(1998)-4(2000)'),
	(1371, 'ACM/SIG on Security Audit & Control Review', NULL, 'CSE', 'ACM', NULL, 'online', NULL, '14(1996)'),
	(1372, 'ACM/SIG Personal of Computer Documentation', NULL, 'CSE', 'ACM', NULL, 'online', NULL, '20(1996)'),
	(1373, 'ACM/SIG SIGCAPH Newsletters', NULL, 'CSE', 'ACM', NULL, 'online', NULL, '54-56(1996)<br>60-62(1998)<br>65(1999)-68(2000)'),
	(1374, 'ACM/SIG SIGLINK Newsletters', NULL, 'CSE', 'ACM', NULL, 'online', NULL, '5(1996)-7(1998)'),
	(1375, 'ACM/SIG SIGMIS The Data Base for Advances in Information Systems', NULL, 'CSE', 'ACM', NULL, 'online', NULL, '29(1998)-31(2000)'),
	(1376, 'ACM/SIG Visual Proceedings', NULL, 'CSE', 'ACM', NULL, 'online', NULL, '24(1996)'),
	(1377, 'Acta Informatica', NULL, 'CSE', 'ACM', NULL, 'online', NULL, '24(1987)- 46(2009)'),
	(1378, 'Algorithmica', NULL, 'CSE', 'ACM', NULL, 'online', NULL, '1(1986)-7(1992)<br>9(1993)-55(2009)'),
	(1379, 'Artificial Intelligence', NULL, 'CSE', 'ACM', NULL, 'online', NULL, '89(1997)-97(1997)'),
	(1380, 'Artificial Life & Robotics', NULL, 'CSE', 'ACM', NULL, 'online', NULL, '7(2004)-14(2009)'),
	(1381, 'Autonomous Agents & Multi-Agent Systems', NULL, 'CSE', 'ACM', NULL, 'online', NULL, '5(2002)-19(2009)'),
	(1382, 'Byte', NULL, 'CSE', 'ACM', NULL, 'online', NULL, '21(1996)- 23#6-7(1998)'),
	(1383, 'Cluster Computing', NULL, 'CSE', 'ACM', NULL, 'online', NULL, '5(2002)-12(2009)'),
	(1384, 'Combinatorica', NULL, 'CSE', 'ACM', NULL, 'online', NULL, '18(1998)<br> 21(2001)-29(2009)'),
	(1385, 'Computational Geometry: Theory & applications', NULL, 'CSE', 'ACM', NULL, 'online', 'ISSN-1231', '12(1999)-42(2009)'),
	(1386, 'Computer Communications', NULL, 'CSE', 'ACM', NULL, 'online', NULL, '19(1996)-20#1(1997)'),
	(1387, 'Computer Design', NULL, 'CSE', 'ACM', NULL, 'online', NULL, '35(1996)-36(1997)'),
	(1388, 'Computer Languages', NULL, 'CSE', 'ACM', NULL, 'online', NULL, '24(1998)'),
	(1389, 'Computer Science & Informatics', NULL, 'CSE', 'ACM', NULL, 'online', NULL, '29(1999)'),
	(1390, 'Computer Society of India: Communications', NULL, 'CSE', 'ACM', NULL, 'online', NULL, '26(2003)-32(2008)'),
	(1391, 'Computer Society of India: Jl.', NULL, 'CSE', 'ACM', NULL, 'online', NULL, '30(2000)-38(2008)'),
	(1392, 'Computer Vision & Image Understanding', NULL, 'CSE', 'ACM', NULL, 'online', NULL, '61(1995)-66( 1997)<br> 69(1998)-72(1998)<br> 77(2000)-84(2001)'),
	(1393, 'Computer World', NULL, 'CSE', 'ACM', NULL, 'online', NULL, '30(1996)-31(1997)'),
	(1394, 'Computers & Security', NULL, 'CSE', 'ACM', NULL, 'online', NULL, '20(2001)-28(2009)'),
	(1395, 'Concurrency & Computation: Practice & Experience', NULL, 'CSE', 'ACM', NULL, 'online', NULL, '13(2001)'),
	(1396, 'Concurrency Practice & Experience', NULL, 'CSE', 'ACM', NULL, 'online', NULL, '10(1998)'),
	(1397, 'Data Communication Int.', NULL, 'CSE', 'ACM', NULL, 'online', NULL, '25(1996)-28(1999)'),
	(1398, 'Data Quest', NULL, 'CSE', 'ACM', NULL, 'online', NULL, '14(1996)-15(1997)'),
	(1399, 'Design Automation for Embedded System', NULL, 'CSE', 'ACM', NULL, 'online', NULL, '1(1996)-4(1999)<br>7(2002)-13(2009)'),
	(1400, 'Designs', NULL, 'CSE', 'ACM', NULL, 'online', NULL, ' Codes & Cryptology,13(1998)-53(2009)'),
	(1401, 'Discrete & Computational Geometry', NULL, 'CSE', 'ACM', NULL, 'online', 'ISSN-1232', '19(1998)-20(1998)<br />\r\n25(2001)-42(2009)'),
	(1402, 'Distributed Computing', NULL, 'CSE', 'ACM', NULL, 'online', NULL, '6(1992)-15(2002)'),
	(1403, 'Electronic Commerce Research & Applications', NULL, 'CSE', 'ACM', NULL, 'online', NULL, '3(2004)-8(2009)'),
	(1404, 'Fuzzy Sets & Systems', NULL, 'CSE', 'ACM', NULL, 'online', NULL, '85(1997)-92(1997)'),
	(1405, 'Higher Order & Symbolic Computation', NULL, 'CSE', 'ACM', NULL, 'online', NULL, '11(1998)-12(1999)'),
	(1406, 'IBM System Jl.', NULL, 'CSE', 'ACM', NULL, 'online', NULL, '41(2002)'),
	(1407, 'Information & Computation', NULL, 'CSE', 'ACM', NULL, 'online', NULL, '140(1998)-159(2000)<br>161(2000)-207(2009)'),
	(1408, 'Information Processing Letters', NULL, 'CSE', 'ACM', NULL, 'online', NULL, '37(1991)-77(2001)<br>79(2001)-109(2008)'),
	(1409, 'Information Retrieval', NULL, 'CSE', 'ACM', NULL, 'online', NULL, '5(2002)-12(2009)'),
	(1410, 'Int. Jl. of Computational Geometry & Application', NULL, 'CSE', 'ACM', NULL, 'online', 'ISSN-1233', '11(2001)-19(2009)'),
	(1411, 'Int. Jl. of Pattern Recognition & Artificial Intelligence', NULL, 'CSE', 'ACM', NULL, 'online', NULL, '15(2001)-23(2009)'),
	(1412, 'Int. Jl. of Robotics & Automation', NULL, 'CSE', 'ACM', NULL, 'online', NULL, '18(2003)-21(2006)'),
	(1413, 'Int. Jl. of Speech Technology', NULL, 'CSE', 'ACM', NULL, 'online', NULL, '1(1995)<br>3(1999)-5(2002)<br>7(2004)-12(2009)'),
	(1414, 'Int. Jl. of Wireless Information Networks', NULL, 'CSE', 'ACM', NULL, 'online', NULL, '9(2002)-16(2009)'),
	(1415, 'Int. Jl. on Artificial Intelligence Tools', NULL, 'CSE', 'ACM', NULL, 'online', NULL, '10(2001)-18(2009)'),
	(1416, 'Int. Jl. on Software Tools for Technology Transfer', NULL, 'CSE', 'ACM', NULL, 'online', NULL, '1(1997)<br>5(2003)-11(2009)'),
	(1417, 'Integration', NULL, 'CSE', 'ACM', NULL, 'online', NULL, ' VLSI Jl.,12(1991)<br>22(1997)-31(2002)<br> 35(2003)-42(2009)'),
	(1418, 'Jl. of Algorithms', NULL, 'CSE', 'ACM', NULL, 'online', NULL, '20(1996)- 64(2009)'),
	(1419, 'Jl. of Complexity', NULL, 'CSE', 'ACM', NULL, 'online', NULL, '18(2002)-25(2009)'),
	(1420, 'Jl. of Computer & System Science', NULL, 'CSE', 'ACM', NULL, 'online', NULL, '56(1998)-75(2009)'),
	(1421, 'Jl. of Cryptology', NULL, 'CSE', 'ACM', NULL, 'online', NULL, '3(1990)-22(2009)'),
	(1422, 'Jl. of Discrete Algorithms', NULL, 'CSE', 'ACM', NULL, 'online', NULL, '1#1-2,5-6(2003)-2#1(2004)'),
	(1423, 'Jl. of Functional & Logic Programming', NULL, 'CSE', 'ACM', NULL, 'online', NULL, '(1995)-(2000)'),
	(1424, 'Jl. of Logic & Algebraic Programming', NULL, 'CSE', 'ACM', NULL, 'online', NULL, '47(2001)-78(2009)'),
	(1425, 'Jl. of Logic Programming', NULL, 'CSE', 'ACM', NULL, 'online', NULL, '41(1999)-46(2000)'),
	(1426, 'Jl. of Parallel & Distributed Computing', NULL, 'CSE', 'ACM', NULL, 'online', NULL, '32(1996)-69(2009)'),
	(1427, 'Jl. of Systems & Software', NULL, 'CSE', 'ACM', NULL, 'online', NULL, '38(1997)-40(1998)'),
	(1428, 'Linux Jl.', NULL, 'CSE', 'ACM', NULL, 'online', NULL, '(1999)-(2002)<br>(2004)-(2009)'),
	(1429, 'Login: The Usenix Magazine', NULL, 'CSE', 'ACM', NULL, 'online', NULL, '26#1(2001)<br>29#1-3(2004)<br>30#2-4,6(2005)-31#1(2006)'),
	(1430, 'Microprocessors & Microsystems', NULL, 'CSE', 'ACM', NULL, 'online', NULL, '15(1991)-33(2009)'),
	(1431, 'Network Computing', NULL, 'CSE', 'ACM', NULL, 'online', NULL, '17#7,16,20,21,24-25(2006)<br>18#2,10,12(2007)'),
	(1432, 'Parallel Processing Letters', NULL, 'CSE', 'ACM', NULL, 'online', NULL, '1(1991)-5(1995)<br>8(1998)-19(2009)'),
	(1433, 'PC Magazine', NULL, 'CSE', 'ACM', NULL, 'online', NULL, '15#1-2,6-20,22(1996)-16(1997)'),
	(1434, 'PC Quest', NULL, 'CSE', 'ACM', NULL, 'online', NULL, '(1996)-(1997)<br>(1999)-(2002)<br>(2004)-(2009)'),
	(1435, 'PC World', NULL, 'CSE', 'ACM', NULL, 'online', NULL, '14(1996)-15(1997)'),
	(1436, 'Robotica', NULL, 'CSE', 'ACM', NULL, 'online', NULL, '20(2002)-27(2009)'),
	(1437, 'Robotics & Autonomous Systems', NULL, 'CSE', 'ACM', NULL, 'online', NULL, '9(1992)<br> 26(1999)-57(2009)'),
	(1438, 'Science of Computer Programming', NULL, 'CSE', 'ACM', NULL, 'online', NULL, '30-33(1999)'),
	(1439, 'Software Concepts & Tools', NULL, 'CSE', 'ACM', NULL, 'online', NULL, '19(1998)'),
	(1440, 'Software Practice & Experience', NULL, 'CSE', 'ACM', NULL, 'online', NULL, '29(1999)-39(2009)'),
	(1441, 'Vivek: A Quarterly in Artificial Intelligence', NULL, 'CSE', 'ACM', NULL, 'online', NULL, '16(2004-2006)'),
	(1442, 'ACM Computing Surveys ', 'http://dl.acm.org/citation.cfm?id=J204', 'CSE', 'ACM', NULL, 'online', NULL, NULL),
	(1443, 'ACM Journal of Computer Documentation ', 'http://dl.acm.org/citation.cfm?id=J24', 'CSE', 'ACM', NULL, 'online', NULL, NULL),
	(1444, 'ACM Journal on Emerging Technologies in Computing Systems ', 'http://dl.acm.org/citation.cfm?id=J967', 'CSE', 'ACM', NULL, 'online', NULL, NULL),
	(1445, 'Journal of Data and Information Quality ', 'http://dl.acm.org/citation.cfm?id=J1191', 'CSE', 'ACM', NULL, 'online', NULL, NULL),
	(1446, 'Journal of Experimental Algorithmics ', 'http://dl.acm.org/citation.cfm?id=J430', 'CSE', 'ACM', NULL, 'online', NULL, NULL),
	(1447, 'Journal of the ACM ', 'http://dl.acm.org/citation.cfm?id=J401', 'CSE', 'ACM', NULL, 'online', NULL, NULL),
	(1448, 'Journal on Computing and Cultural Heritage ', 'http://dl.acm.org/citation.cfm?id=J1157', 'CSE', 'ACM', NULL, 'online', NULL, NULL),
	(1449, 'Journal on Educational Resources in Computing ', 'http://dl.acm.org/citation.cfm?id=J814', 'CSE', 'ACM', NULL, 'online', NULL, NULL),
	(1450, 'ACM Letters on Programming Languages and Systems ', 'http://dl.acm.org/citation.cfm?id=J513', 'CSE', 'ACM', NULL, 'online', NULL, NULL),
	(1451, 'ACM Transactions on Accessible Computing ', 'http://dl.acm.org/citation.cfm?id=J1156', 'CSE', 'ACM', NULL, 'online', NULL, NULL),
	(1452, 'ACM Transactions on Algorithms ', 'http://dl.acm.org/citation.cfm?id=J982', 'CSE', 'ACM', NULL, 'online', NULL, NULL),
	(1453, 'ACM Transactions on Applied Perception ', 'http://dl.acm.org/citation.cfm?id=J932', 'CSE', 'ACM', NULL, 'online', NULL, NULL),
	(1454, 'ACM Transactions on Architecture and Code Optimization ', 'http://dl.acm.org/citation.cfm?id=J924', 'CSE', 'ACM', NULL, 'online', NULL, NULL),
	(1455, 'ACM Transactions on Asian Language Information Processing ', 'http://dl.acm.org/citation.cfm?id=J820', 'CSE', 'ACM', NULL, 'online', NULL, NULL),
	(1456, 'ACM Transactions on Asian and Low-Resource Language Information Processing', 'http://dl.acm.org/citation.cfm?id=J1521', 'CSE', 'ACM', NULL, 'online', NULL, NULL),
	(1457, 'ACM Transactions on Autonomous and Adaptive Systems ', 'http://dl.acm.org/citation.cfm?id=J1010', 'CSE', 'ACM', NULL, 'online', NULL, NULL),
	(1458, 'ACM Transactions on Computation Theory ', 'http://dl.acm.org/citation.cfm?id=J1190', 'CSE', 'ACM', NULL, 'online', NULL, NULL),
	(1459, 'ACM Transactions on Computational Logic ', 'http://dl.acm.org/citation.cfm?id=J773', 'CSE', 'ACM', NULL, 'online', NULL, NULL),
	(1460, 'ACM Transactions on Computer Systems ', 'http://dl.acm.org/citation.cfm?id=J774', 'CSE', 'ACM', NULL, 'online', NULL, NULL),
	(1461, 'ACM Transactions on Computer-Human Interaction ', 'http://dl.acm.org/citation.cfm?id=J756', 'CSE', 'ACM', NULL, 'online', NULL, NULL),
	(1462, 'ACM Transactions on Computing Education ', 'http://dl.acm.org/citation.cfm?id=J1193', 'CSE', 'ACM', NULL, 'online', NULL, NULL),
	(1463, 'ACM Transactions on Database Systems ', 'http://dl.acm.org/citation.cfm?id=J777', 'CSE', 'ACM', NULL, 'online', NULL, NULL),
	(1464, 'ACM Transactions on Design Automation of Electronic Systems ', 'http://dl.acm.org/citation.cfm?id=J776', 'CSE', 'ACM', NULL, 'online', NULL, NULL),
	(1465, 'ACM Transactions on Economics and Computation', 'http://dl.acm.org/citation.cfm?id=J1359', 'CSE', 'ACM', NULL, 'online', NULL, NULL),
	(1466, 'ACM Transactions on Embedded Computing Systems ', 'http://dl.acm.org/citation.cfm?id=J840', 'CSE', 'ACM', NULL, 'online', NULL, NULL),
	(1467, 'ACM Transactions on Graphics ', 'http://dl.acm.org/citation.cfm?id=J778', 'CSE', 'ACM', NULL, 'online', NULL, NULL),
	(1468, 'ACM Transactions on Information Systems ', 'http://dl.acm.org/citation.cfm?id=J779', 'CSE', 'ACM', NULL, 'online', NULL, NULL),
	(1469, 'ACM Transactions on Information and System Security ', 'http://dl.acm.org/citation.cfm?id=J789', 'CSE', 'ACM', NULL, 'online', NULL, NULL),
	(1470, 'ACM Transactions on Intelligent Systems and Technology ', 'http://dl.acm.org/citation.cfm?id=J1318', 'CSE', 'ACM', NULL, 'online', NULL, NULL),
	(1471, 'ACM Transactions on Interactive Intelligent Systems ', 'http://dl.acm.org/citation.cfm?id=J1341', 'CSE', 'ACM', NULL, 'online', NULL, NULL),
	(1472, 'ACM Transactions on Internet Technology ', 'http://dl.acm.org/citation.cfm?id=J780', 'CSE', 'ACM', NULL, 'online', NULL, NULL),
	(1473, 'ACM Transactions on Knowledge Discovery from Data ', 'http://dl.acm.org/citation.cfm?id=J1054', 'CSE', 'ACM', NULL, 'online', NULL, NULL),
	(1474, 'ACM Transactions on Management Information Systems ', 'http://dl.acm.org/citation.cfm?id=J1320', 'CSE', 'ACM', NULL, 'online', NULL, NULL),
	(1475, 'ACM Transactions on Mathematical Software ', 'http://dl.acm.org/citation.cfm?id=J782', 'CSE', 'ACM', NULL, 'online', NULL, NULL),
	(1476, 'ACM Transactions on Modeling and Computer Simulation ', 'http://dl.acm.org/citation.cfm?id=J781', 'CSE', 'ACM', NULL, 'online', NULL, NULL),
	(1477, 'ACM Transactions on Multimedia Computing, Communications, and Applications ', 'http://dl.acm.org/citation.cfm?id=J961', 'CSE', 'ACM', NULL, 'online', NULL, NULL),
	(1478, 'ACM Transactions on Parallel Computing', 'http://dl.acm.org/citation.cfm?id=J1496', 'CSE', 'ACM', NULL, 'online', NULL, NULL),
	(1479, 'ACM Transactions on Programming Languages and Systems ', 'http://dl.acm.org/citation.cfm?id=J783', 'CSE', 'ACM', NULL, 'online', NULL, NULL),
	(1480, 'ACM Transactions on Reconfigurable Technology and Systems ', 'http://dl.acm.org/citation.cfm?id=J1151', 'CSE', 'ACM', NULL, 'online', NULL, NULL),
	(1481, 'ACM Transactions on Sensor Networks ', 'http://dl.acm.org/citation.cfm?id=J981', 'CSE', 'ACM', NULL, 'online', NULL, NULL),
	(1482, 'ACM Transactions on Software Engineering and Methodology ', 'http://dl.acm.org/citation.cfm?id=J790', 'CSE', 'ACM', NULL, 'online', NULL, NULL),
	(1483, 'ACM Transactions on Spatial Algorithms and Systems', 'http://dl.acm.org/citation.cfm?id=J1514', 'CSE', 'ACM', NULL, 'online', NULL, NULL),
	(1484, 'ACM Transactions on Speech and Language Processing ', 'http://dl.acm.org/citation.cfm?id=J957', 'CSE', 'ACM', NULL, 'online', NULL, NULL),
	(1485, 'ACM Transactions on Storage ', 'http://dl.acm.org/citation.cfm?id=J960', 'CSE', 'ACM', NULL, 'online', NULL, NULL),
	(1486, 'ACM Transactions on the Web ', 'http://dl.acm.org/citation.cfm?id=J1062', 'CSE', 'ACM', NULL, 'online', NULL, NULL),
	(1487, 'IEEE/ACM Transactions on Audio, Speech and Language Processing ', 'http://dl.acm.org/citation.cfm?id=J1508', 'CSE', 'ACM', NULL, 'online', NULL, NULL),
	(1488, 'IEEE/ACM Transactions on Computational Biology and Bioinformatics ', 'http://dl.acm.org/citation.cfm?id=J954', 'CSE', 'ACM', NULL, 'online', NULL, NULL),
	(1489, 'IEEE/ACM Transactions on Networking ', 'http://dl.acm.org/citation.cfm?id=J771', 'CSE', 'ACM', NULL, 'online', NULL, NULL),
	(1490, 'ACM Inroads', 'http://dl.acm.org/citation.cfm?id=J1268', 'CSE', 'ACM', NULL, 'online', NULL, NULL),
	(1491, 'Communications of the ACM', 'http://dl.acm.org/citation.cfm?id=J79', 'CSE', 'ACM', NULL, 'online', NULL, NULL),
	(1492, 'Computers in Entertainment ', 'http://dl.acm.org/citation.cfm?id=J912', 'CSE', 'ACM', NULL, 'online', NULL, NULL),
	(1493, 'Crossroads', 'http://dl.acm.org/citation.cfm?id=J190', 'CSE', 'ACM', NULL, 'online', NULL, NULL),
	(1494, 'Queue', 'http://dl.acm.org/citation.cfm?id=J882', 'CSE', 'ACM', NULL, 'online', NULL, NULL),
	(1495, 'StandardView', 'http://dl.acm.org/citation.cfm?id=J741', 'CSE', 'ACM', NULL, 'online', NULL, NULL),
	(1496, 'Ubiquity', 'http://dl.acm.org/citation.cfm?id=J793', 'CSE', 'ACM', NULL, 'online', NULL, NULL),
	(1497, 'XRDS: Crossroads, The ACM Magazine for Students', 'http://dl.acm.org/citation.cfm?id=J1271', 'CSE', 'ACM', NULL, 'online', NULL, NULL),
	(1498, 'eLearn', 'http://dl.acm.org/citation.cfm?id=J815', 'CSE', 'ACM', NULL, 'online', NULL, NULL),
	(1499, 'intelligence', 'http://dl.acm.org/citation.cfm?id=J372', 'CSE', 'ACM', NULL, 'online', NULL, NULL),
	(1500, 'interactions', 'http://dl.acm.org/citation.cfm?id=J373', 'CSE', 'ACM', NULL, 'online', NULL, NULL),
	(1501, 'netWorker', 'http://dl.acm.org/citation.cfm?id=J582', 'CSE', 'ACM', NULL, 'online', NULL, NULL),
	(1502, 'ALGOL Bulletin', 'http://dl.acm.org/citation.cfm?id=J33', 'CSE', 'ACM', NULL, 'online', NULL, NULL),
	(1503, 'Computational Linguistics', 'http://dl.acm.org/citation.cfm?id=J25', 'CSE', 'ACM', NULL, 'online', NULL, NULL),
	(1504, 'Evolutionary Computation', 'http://dl.acm.org/citation.cfm?id=J277', 'CSE', 'ACM', NULL, 'online', NULL, NULL),
	(1505, 'Journal of Computing Sciences in Colleges', 'http://dl.acm.org/citation.cfm?id=J420', 'CSE', 'ACM', NULL, 'online', NULL, NULL),
	(1506, 'Journal of Usability Studies', 'http://dl.acm.org/citation.cfm?id=J1340', 'CSE', 'ACM', NULL, 'online', NULL, NULL),
	(1507, 'Linux Journal', 'http://dl.acm.org/citation.cfm?id=J508', 'CSE', 'ACM', NULL, 'online', NULL, NULL),
	(1508, 'Personal and Ubiquitous Computing', 'http://dl.acm.org/citation.cfm?id=J822', 'CSE', 'ACM', NULL, 'online', NULL, NULL),
	(1509, 'Proceedings of the VLDB Endowment', 'http://dl.acm.org/citation.cfm?id=J1174', 'CSE', 'ACM', NULL, 'online', NULL, NULL),
	(1510, 'The Journal of Machine Learning Research', 'http://dl.acm.org/citation.cfm?id=J832', 'CSE', 'ACM', NULL, 'online', NULL, NULL),
	(1511, 'The VLDB Journal &#8212; The International Journal on Very Large Data Bases', 'http://dl.acm.org/citation.cfm?id=J869', 'CSE', 'ACM', NULL, 'online', NULL, NULL),
	(1512, '3C ON-LINE', 'http://dl.acm.org/citation.cfm?id=J685', 'CSE', 'ACM', NULL, 'online', NULL, NULL),
	(1513, 'ACM Communications in Computer Algebra', 'http://dl.acm.org/citation.cfm?id=J1000', 'CSE', 'ACM', NULL, 'online', NULL, NULL),
	(1514, 'ACM Lisp Bulletin', 'http://dl.acm.org/citation.cfm?id=J1166', 'CSE', 'ACM', NULL, 'online', NULL, NULL),
	(1515, 'ACM SIGACCESS Accessibility and Computing', 'http://dl.acm.org/citation.cfm?id=J956', 'CSE', 'ACM', NULL, 'online', NULL, NULL),
	(1516, 'ACM SIGACT News', 'http://dl.acm.org/citation.cfm?id=J697', 'CSE', 'ACM', NULL, 'online', NULL, NULL),
	(1517, 'ACM SIGAPL APL Quote Quad', 'http://dl.acm.org/citation.cfm?id=J46', 'CSE', 'ACM', NULL, 'online', NULL, NULL),
	(1518, 'ACM SIGAPP Applied Computing Review', 'http://dl.acm.org/citation.cfm?id=J693', 'CSE', 'ACM', NULL, 'online', NULL, NULL),
	(1519, 'ACM SIGARCH Computer Architecture News', 'http://dl.acm.org/citation.cfm?id=J89', 'CSE', 'ACM', NULL, 'online', NULL, NULL),
	(1520, 'ACM SIGART Bulletin', 'http://dl.acm.org/citation.cfm?id=J686', 'CSE', 'ACM', NULL, 'online', NULL, NULL),
	(1521, 'ACM SIGAda Ada Letters', 'http://dl.acm.org/citation.cfm?id=J32', 'CSE', 'ACM', NULL, 'online', NULL, NULL),
	(1522, 'ACM SIGBED Review', 'http://dl.acm.org/citation.cfm?id=J994', 'CSE', 'ACM', NULL, 'online', NULL, NULL),
	(1523, 'ACM SIGBIO Newsletter', 'http://dl.acm.org/citation.cfm?id=J698', 'CSE', 'ACM', NULL, 'online', NULL, NULL),
	(1524, 'ACM SIGBioinformatics Record', 'http://dl.acm.org/citation.cfm?id=J1323', 'CSE', 'ACM', NULL, 'online', NULL, NULL),
	(1525, 'ACM SIGCAPH Computers and the Physically Handicapped', 'http://dl.acm.org/citation.cfm?id=J298', 'CSE', 'ACM', NULL, 'online', NULL, NULL),
	(1526, 'ACM SIGCAS Computers and Society', 'http://dl.acm.org/citation.cfm?id=J198', 'CSE', 'ACM', NULL, 'online', NULL, NULL),
	(1527, 'ACM SIGCHI Bulletin', 'http://dl.acm.org/citation.cfm?id=J687', 'CSE', 'ACM', NULL, 'online', NULL, NULL),
	(1528, 'ACM SIGCHI Bulletin - a supplement to <i>interactions</i>', 'http://dl.acm.org/citation.cfm?id=J122', 'CSE', 'ACM', NULL, 'online', NULL, NULL),
	(1529, 'ACM SIGCOMM Computer Communication Review', 'http://dl.acm.org/citation.cfm?id=J101', 'CSE', 'ACM', NULL, 'online', NULL, NULL),
	(1530, 'ACM SIGCPR Computer Personnel', 'http://dl.acm.org/citation.cfm?id=J188', 'CSE', 'ACM', NULL, 'online', NULL, NULL),
	(1531, 'ACM SIGCSE Bulletin', 'http://dl.acm.org/citation.cfm?id=J688', 'CSE', 'ACM', NULL, 'online', NULL, NULL),
	(1532, 'ACM SIGCSIM Installation Management Review', 'http://dl.acm.org/citation.cfm?id=J959', 'CSE', 'ACM', NULL, 'online', NULL, NULL),
	(1533, 'ACM SIGCUE Outlook', 'http://dl.acm.org/citation.cfm?id=J678', 'CSE', 'ACM', NULL, 'online', NULL, NULL),
	(1534, 'ACM SIGDA Newsletter', 'http://dl.acm.org/citation.cfm?id=J700', 'CSE', 'ACM', NULL, 'online', NULL, NULL),
	(1535, 'ACM SIGDOC Asterisk Journal of Computer Documentation', 'http://dl.acm.org/citation.cfm?id=J62', 'CSE', 'ACM', NULL, 'online', NULL, NULL),
	(1536, 'ACM SIGEVOlution', 'http://dl.acm.org/citation.cfm?id=J999', 'CSE', 'ACM', NULL, 'online', NULL, NULL),
	(1537, 'ACM SIGFORTH Newsletter', 'http://dl.acm.org/citation.cfm?id=J696', 'CSE', 'ACM', NULL, 'online', NULL, NULL),
	(1538, 'ACM SIGGRAPH Computer Graphics', 'http://dl.acm.org/citation.cfm?id=J166', 'CSE', 'ACM', NULL, 'online', NULL, NULL),
	(1539, 'ACM SIGGROUP Bulletin', 'http://dl.acm.org/citation.cfm?id=J702', 'CSE', 'ACM', NULL, 'online', NULL, NULL),
	(1540, 'ACM SIGHIT Record', 'http://dl.acm.org/citation.cfm?id=J1322', 'CSE', 'ACM', NULL, 'online', NULL, NULL),
	(1541, 'ACM SIGHPC Connect', 'http://dl.acm.org/citation.cfm?id=J1356', 'CSE', 'ACM', NULL, 'online', NULL, NULL),
	(1542, 'ACM SIGICE Bulletin', 'http://dl.acm.org/citation.cfm?id=J694', 'CSE', 'ACM', NULL, 'online', NULL, NULL),
	(1543, 'ACM SIGIR Forum', 'http://dl.acm.org/citation.cfm?id=J701', 'CSE', 'ACM', NULL, 'online', NULL, NULL),
	(1544, 'ACM SIGITE Newsletter', 'http://dl.acm.org/citation.cfm?id=J977', 'CSE', 'ACM', NULL, 'online', NULL, NULL),
	(1545, 'ACM SIGITE Research in IT', 'http://dl.acm.org/citation.cfm?id=J1352', 'CSE', 'ACM', NULL, 'online', NULL, NULL),
	(1546, 'ACM SIGKDD Explorations Newsletter', 'http://dl.acm.org/citation.cfm?id=J721', 'CSE', 'ACM', NULL, 'online', NULL, NULL),
	(1547, 'ACM SIGLASH Newsletter', 'http://dl.acm.org/citation.cfm?id=J958', 'CSE', 'ACM', NULL, 'online', NULL, NULL),
	(1548, 'ACM SIGLOG News', 'http://dl.acm.org/citation.cfm?id=J1512', 'CSE', 'ACM', NULL, 'online', NULL, NULL),
	(1549, 'ACM SIGMAP Bulletin', 'http://dl.acm.org/citation.cfm?id=J952', 'CSE', 'ACM', NULL, 'online', NULL, NULL),
	(1550, 'ACM SIGMETRICS Performance Evaluation Review', 'http://dl.acm.org/citation.cfm?id=J618', 'CSE', 'ACM', NULL, 'online', NULL, NULL),
	(1551, 'ACM SIGMICRO Newsletter', 'http://dl.acm.org/citation.cfm?id=J703', 'CSE', 'ACM', NULL, 'online', NULL, NULL),
	(1552, 'ACM SIGMINI Newsletter', 'http://dl.acm.org/citation.cfm?id=J951', 'CSE', 'ACM', NULL, 'online', NULL, NULL),
	(1553, 'ACM SIGMIS Database', 'http://dl.acm.org/citation.cfm?id=J219', 'CSE', 'ACM', NULL, 'online', NULL, NULL),
	(1554, 'ACM SIGMOBILE Mobile Computing and Communications Review', 'http://dl.acm.org/citation.cfm?id=J548', 'CSE', 'ACM', NULL, 'online', NULL, NULL),
	(1555, 'ACM SIGMOD Record', 'http://dl.acm.org/citation.cfm?id=J689', 'CSE', 'ACM', NULL, 'online', NULL, NULL),
	(1556, 'ACM SIGMultimedia Records', 'http://dl.acm.org/citation.cfm?id=J1232', 'CSE', 'ACM', NULL, 'online', NULL, NULL),
	(1557, 'ACM SIGNUM Newsletter', 'http://dl.acm.org/citation.cfm?id=J690', 'CSE', 'ACM', NULL, 'online', NULL, NULL),
	(1558, 'ACM SIGOA Newsletter', 'http://dl.acm.org/citation.cfm?id=J915', 'CSE', 'ACM', NULL, 'online', NULL, NULL),
	(1559, 'ACM SIGOIS Bulletin', 'http://dl.acm.org/citation.cfm?id=J705', 'CSE', 'ACM', NULL, 'online', NULL, NULL),
	(1560, 'ACM SIGOPS Operating Systems Review', 'http://dl.acm.org/citation.cfm?id=J597', 'CSE', 'ACM', NULL, 'online', NULL, NULL),
	(1561, 'ACM SIGPC Notes', 'http://dl.acm.org/citation.cfm?id=J950', 'CSE', 'ACM', NULL, 'online', NULL, NULL),
	(1562, 'ACM SIGPLAN Fortran Forum', 'http://dl.acm.org/citation.cfm?id=J286', 'CSE', 'ACM', NULL, 'online', NULL, NULL),
	(1563, 'ACM SIGPLAN Lisp Pointers', 'http://dl.acm.org/citation.cfm?id=J509', 'CSE', 'ACM', NULL, 'online', NULL, NULL),
	(1564, 'ACM SIGPLAN Notices', 'http://dl.acm.org/citation.cfm?id=J706', 'CSE', 'ACM', NULL, 'online', NULL, NULL),
	(1565, 'ACM SIGPLAN OOPS Messenger', 'http://dl.acm.org/citation.cfm?id=J594', 'CSE', 'ACM', NULL, 'online', NULL, NULL),
	(1566, 'ACM SIGSAC Review', 'http://dl.acm.org/citation.cfm?id=J691', 'CSE', 'ACM', NULL, 'online', NULL, NULL),
	(1567, 'ACM SIGSAM Bulletin', 'http://dl.acm.org/citation.cfm?id=J707', 'CSE', 'ACM', NULL, 'online', NULL, NULL),
	(1568, 'ACM SIGSIM Simulation Digest', 'http://dl.acm.org/citation.cfm?id=J711', 'CSE', 'ACM', NULL, 'online', NULL, NULL),
	(1569, 'ACM SIGSMALL Newsletter', 'http://dl.acm.org/citation.cfm?id=J949', 'CSE', 'ACM', NULL, 'online', NULL, NULL),
	(1570, 'ACM SIGSMALL/PC Notes', 'http://dl.acm.org/citation.cfm?id=J692', 'CSE', 'ACM', NULL, 'online', NULL, NULL),
	(1571, 'ACM SIGSOC Bulletin', 'http://dl.acm.org/citation.cfm?id=J948', 'CSE', 'ACM', NULL, 'online', NULL, NULL),
	(1572, 'ACM SIGSOFT Software Engineering Notes', 'http://dl.acm.org/citation.cfm?id=J728', 'CSE', 'ACM', NULL, 'online', NULL, NULL),
	(1573, 'ACM SIGUCCS Newsletter', 'http://dl.acm.org/citation.cfm?id=J708', 'CSE', 'ACM', NULL, 'online', NULL, NULL),
	(1574, 'ACM SIGUCCS plugged in', 'http://dl.acm.org/citation.cfm?id=J1358', 'CSE', 'ACM', NULL, 'online', NULL, NULL),
	(1575, 'ACM SIGWEB Newsletter', 'http://dl.acm.org/citation.cfm?id=J507', 'CSE', 'ACM', NULL, 'online', NULL, NULL),
	(1576, 'ACM SIGecom Exchanges', 'http://dl.acm.org/citation.cfm?id=J684', 'CSE', 'ACM', NULL, 'online', NULL, NULL),
	(1577, 'AI Matters', 'http://dl.acm.org/citation.cfm?id=J1513', 'CSE', 'ACM', NULL, 'online', NULL, NULL),
	(1578, 'Communication Design Quarterly Review', 'http://dl.acm.org/citation.cfm?id=J1351', 'CSE', 'ACM', NULL, 'online', NULL, NULL),
	(1579, 'GetMobile: Mobile Computing and Communications', 'http://dl.acm.org/citation.cfm?id=J1534', 'CSE', 'ACM', NULL, 'online', NULL, NULL),
	(1580, 'SIGSPATIAL Special', 'http://dl.acm.org/citation.cfm?id=J1196', 'CSE', 'ACM', NULL, 'online', NULL, NULL),
	(1581, 'Sig', 'http://dl.acm.org/citation.cfm?id=SP932', 'CSE', 'ACM', NULL, 'online', NULL, NULL),
	(1582, '3DOR: 3D Object Retrieval', 'http://dl.acm.org/proceedings/3dor/', 'CSE', 'ACM', NULL, 'online', NULL, NULL),
	(1583, '3DVP: 3D Video Processing', 'http://dl.acm.org/proceedings/3dvp/', 'CSE', 'ACM', NULL, 'online', NULL, NULL),
	(1584, 'A-MOST: Advances in Model-Based Testing', 'http://dl.acm.org/proceedings/a-most/', 'CSE', 'ACM', NULL, 'online', NULL, NULL),
	(1585, 'A2CWiC: Amrita ACM-W Celebration on Women in Computing in India', 'http://dl.acm.org/proceedings/a2cwic/', 'CSE', 'ACM', NULL, 'online', NULL, NULL),
	(1586, 'AAA-IDEA: Advanced Architectures and Algorithms for Internet Delivery and Applications', 'http://dl.acm.org/proceedings/aaa-idea/', 'CSE', 'ACM', NULL, 'online', NULL, NULL),
	(1587, 'AADEBUG: Automated analysis-driven debugging', 'http://dl.acm.org/proceedings/aadebug/', 'CSE', 'ACM', NULL, 'online', NULL, NULL),
	(1588, 'AAMAS: Autonomous Agents and Multiagent Systems', 'http://dl.acm.org/proceedings/aamas/', 'CSE', 'ACM', NULL, 'online', NULL, NULL),
	(1589, 'ACDC: Automated Control for Datacenters and Clouds', 'http://dl.acm.org/proceedings/acdc/', 'CSE', 'ACM', NULL, 'online', NULL, NULL),
	(1590, 'ACET: Advances in Computer Entertainment Technology', 'http://dl.acm.org/proceedings/ace/', 'CSE', 'ACM', NULL, 'online', NULL, NULL),
	(1591, 'ACISNR: Applications of Computer and Information Sciences to Nature Research', 'http://dl.acm.org/proceedings/acisnr/', 'CSE', 'ACM', NULL, 'online', NULL, NULL),
	(1592, 'ACL2: ACL2 Theorem Prover and its Applications', 'http://dl.acm.org/proceedings/acl2/', 'CSE', 'ACM', NULL, 'online', NULL, NULL),
	(1593, 'ACM DEV: Computing for Development', 'http://dl.acm.org/proceedings/acmdev/', 'CSE', 'ACM', NULL, 'online', NULL, NULL),
	(1594, 'ACM POLICY: ACM POLICY', 'http://dl.acm.org/proceedings/acmpolicy/', 'CSE', 'ACM', NULL, 'online', NULL, NULL),
	(1595, 'ACM SE: Annual Southeast Regional Conference', 'http://dl.acm.org/proceedings/acmse/', 'CSE', 'ACM', NULL, 'online', NULL, NULL),
	(1596, 'ACM-BCS: ACM-BCS', 'http://dl.acm.org/proceedings/acm-bcs/', 'CSE', 'ACM', NULL, 'online', NULL, NULL),
	(1597, 'ACM: ACM Annual Conference/Annual Meeting', 'http://dl.acm.org/proceedings/acm/', 'CSE', 'ACM', NULL, 'online', NULL, NULL),
	(1598, 'ACPIS: Aspects, Components, and Patterns for Infrastructure Software', 'http://dl.acm.org/proceedings/acpis/', 'CSE', 'ACM', NULL, 'online', NULL, NULL),
	(1599, 'ACSAC: Annual Computer Security Applications Conference', 'http://dl.acm.org/proceedings/acsac/', 'CSE', 'ACM', NULL, 'online', NULL, NULL),
	(1600, 'ACSE: Australasian Conference on Computing Education', 'http://dl.acm.org/proceedings/acse/', 'CSE', 'ACM', NULL, 'online', NULL, NULL),
	(1601, 'ACoM: Assessment of Contemporary Modularization Techniques', 'http://dl.acm.org/proceedings/acom/', 'CSE', 'ACM', NULL, 'online', NULL, NULL),
	(1602, 'ADAMUS: Adaptive and Dependable Mobile Ubiquitous Systems', 'http://dl.acm.org/proceedings/adamus/', 'CSE', 'ACM', NULL, 'online', NULL, NULL),
	(1603, 'ADKDD: Data Mining and Audience Intelligence for Advertising', 'http://dl.acm.org/proceedings/adkdd/', 'CSE', 'ACM', NULL, 'online', NULL, NULL),
	(1604, 'ADPUC: Advanced Data Processing in Ubiquitous Computing', 'http://dl.acm.org/proceedings/adpuc/', 'CSE', 'ACM', NULL, 'online', NULL, NULL),
	(1605, 'AFFINE: Affective-Aware Virtual Agents and Social Robots', 'http://dl.acm.org/proceedings/affine/', 'CSE', 'ACM', NULL, 'online', NULL, NULL),
	(1606, 'AFIPS: AFIPS', 'http://dl.acm.org/proceedings/afips/', 'CSE', 'ACM', NULL, 'online', NULL, NULL),
	(1607, 'AFM: Automated Formal Methods', 'http://dl.acm.org/proceedings/afm/', 'CSE', 'ACM', NULL, 'online', NULL, NULL),
	(1608, 'AFRIGRAPH: Computer Graphics, Virtual Reality, Visualisation and Interaction in Africa', 'http://dl.acm.org/proceedings/afrigraph/', 'CSE', 'ACM', NULL, 'online', NULL, NULL),
	(1609, 'AGENTS: Autonomous Agents', 'http://dl.acm.org/proceedings/agents/', 'CSE', 'ACM', NULL, 'online', NULL, NULL),
	(1610, 'AH: Augmented Human', 'http://dl.acm.org/proceedings/ah/', 'CSE', 'ACM', NULL, 'online', NULL, NULL),
	(1611, 'AIEE-IRE: AIEE-IRE', 'http://dl.acm.org/proceedings/aiee-ire/', 'CSE', 'ACM', NULL, 'online', NULL, NULL),
	(1612, 'AIEMPro: Automated Information Extraction in Media Production', 'http://dl.acm.org/proceedings/aiempro/', 'CSE', 'ACM', NULL, 'online', NULL, NULL),
	(1613, 'AIGC: Artificial Intelligence in Grid Computing', 'http://dl.acm.org/proceedings/aigc/', 'CSE', 'ACM', NULL, 'online', NULL, NULL),
	(1614, 'AINTEC: Asian Conference on Internet Engineering', 'http://dl.acm.org/proceedings/aintec/', 'CSE', 'ACM', NULL, 'online', NULL, NULL),
	(1615, 'AIPACa: Applications of Private and Anonymous Communications', 'http://dl.acm.org/proceedings/aipaca/', 'CSE', 'ACM', NULL, 'online', NULL, NULL),
	(1616, 'AIRS: Asia Information Retrieval Symposium', 'http://dl.acm.org/proceedings/airs/', 'CSE', 'ACM', NULL, 'online', NULL, NULL),
	(1617, 'AIRWeb: Adversarial Information Retrieval on the Web', 'http://dl.acm.org/proceedings/airweb/', 'CSE', 'ACM', NULL, 'online', NULL, NULL),
	(1618, 'AISC/MKM/Calculemus: AISC/MKM/Calculemus Conference on Intelligent Computer Mathematics', 'http://dl.acm.org/proceedings/aisc/mkm/calculemus/', 'CSE', 'ACM', NULL, 'online', NULL, NULL),
	(1619, 'AISec: Artificial Intelligence and Security', 'http://dl.acm.org/proceedings/aisec/', 'CSE', 'ACM', NULL, 'online', NULL, NULL),
	(1620, 'ALICE: Alice Symposium', 'http://dl.acm.org/proceedings/alice/', 'CSE', 'ACM', NULL, 'online', NULL, NULL),
	(1621, 'AM: Audio Mostly', 'http://dl.acm.org/proceedings/am/', 'CSE', 'ACM', NULL, 'online', NULL, NULL),
	(1622, 'AMC: Ambient Media Computing', 'http://dl.acm.org/proceedings/amc/', 'CSE', 'ACM', NULL, 'online', NULL, NULL),
	(1623, 'AMCMM: Audio and Music Computing Multimedia', 'http://dl.acm.org/proceedings/amcmm/', 'CSE', 'ACM', NULL, 'online', NULL, NULL),
	(1624, 'ANCS: Architectures for Networking and Communications Systems', 'http://dl.acm.org/proceedings/ancs/', 'CSE', 'ACM', NULL, 'online', NULL, NULL),
	(1625, 'AND: Analytics for Noisy Unstructured Text Data', 'http://dl.acm.org/proceedings/and/', 'CSE', 'ACM', NULL, 'online', NULL, NULL),
	(1626, 'ANNA: Analysis of Neural Network Applications', 'http://dl.acm.org/proceedings/anna/', 'CSE', 'ACM', NULL, 'online', NULL, NULL),
	(1627, 'ANSS: Annual Simulation Symposium', 'http://dl.acm.org/proceedings/anss/', 'CSE', 'ACM', NULL, 'online', NULL, NULL),
	(1628, 'AOM: Aspect-Oriented Modeling', 'http://dl.acm.org/proceedings/aom/', 'CSE', 'ACM', NULL, 'online', NULL, NULL),
	(1629, 'AOMD: Aspect Oriented Middleware Development', 'http://dl.acm.org/proceedings/aomd/', 'CSE', 'ACM', NULL, 'online', NULL, NULL),
	(1630, 'AOSD: Aspect-Oriented Software Development', 'http://dl.acm.org/proceedings/aosd/', 'CSE', 'ACM', NULL, 'online', NULL, NULL),
	(1631, 'APGV: Applied Perception in Graphics and Visualization', 'http://dl.acm.org/proceedings/apgv/', 'CSE', 'ACM', NULL, 'online', NULL, NULL),
	(1632, 'APL: APL', 'http://dl.acm.org/proceedings/apl/', 'CSE', 'ACM', NULL, 'online', NULL, NULL),
	(1633, 'APLWACA: Analysis and Programming Languages for Web Applications and Cloud Applications', 'http://dl.acm.org/proceedings/aplwaca/', 'CSE', 'ACM', NULL, 'online', NULL, NULL),
	(1634, 'APOS: Scrutinizing Agile Practices', 'http://dl.acm.org/proceedings/apos/', 'CSE', 'ACM', NULL, 'online', NULL, NULL),
	(1635, 'APS: Adaptive, Personalization &#38; the Semantic Web', 'http://dl.acm.org/proceedings/aps/', 'CSE', 'ACM', NULL, 'online', NULL, NULL),
	(1636, 'APSys: Asia-Pacific Workshop on Systems', 'http://dl.acm.org/proceedings/apsys/', 'CSE', 'ACM', NULL, 'online', NULL, NULL),
	(1637, 'AREA: Analysis and Retrieval of Events', 'http://dl.acm.org/proceedings/area/', 'CSE', 'ACM', NULL, 'online', NULL, NULL),
	(1638, 'ARM: Adaptive and Reflective MIddleware', 'http://dl.acm.org/proceedings/arm/', 'CSE', 'ACM', NULL, 'online', NULL, NULL),
	(1639, 'ARTEMIS: Analysis and Retrieval of Tracked Events and Motion in Imagery Streams', 'http://dl.acm.org/proceedings/artemis/', 'CSE', 'ACM', NULL, 'online', NULL, NULL),
	(1640, 'ASE: Automated Software Engineering', 'http://dl.acm.org/proceedings/ase/', 'CSE', 'ACM', NULL, 'online', NULL, NULL),
	(1641, 'ASIA CCS: Information, Computer and Communications Security', 'http://dl.acm.org/proceedings/asiaccs/', 'CSE', 'ACM', NULL, 'online', NULL, NULL),
	(1642, 'ASIA-PEPM: Partial Evaluation and Semantics-Based Program Manipulation', 'http://dl.acm.org/proceedings/asia-pepm/', 'CSE', 'ACM', NULL, 'online', NULL, NULL),
	(1643, 'ASID: Architectural and System Support for Improving Software Dependability', 'http://dl.acm.org/proceedings/asid/', 'CSE', 'ACM', NULL, 'online', NULL, NULL),
	(1644, 'ASPDAC: Asia and South Pacific Design Automation Conference', 'http://dl.acm.org/proceedings/aspdac/', 'CSE', 'ACM', NULL, 'online', NULL, NULL),
	(1645, 'ASPLOS: Architectural Support for Programming Languages and Operating Systems', 'http://dl.acm.org/proceedings/asplos/', 'CSE', 'ACM', NULL, 'online', NULL, NULL),
	(1646, 'AST: Automation of Software Test', 'http://dl.acm.org/proceedings/ast/', 'CSE', 'ACM', NULL, 'online', NULL, NULL),
	(1647, 'AUIC: User Interface', 'http://dl.acm.org/proceedings/auic/', 'CSE', 'ACM', NULL, 'online', NULL, NULL),
	(1648, 'AUPC: Agent-Oriented Software Engineering Challenges for Ubiquitous and Pervasive Computing', 'http://dl.acm.org/proceedings/aupc/', 'CSE', 'ACM', NULL, 'online', NULL, NULL),
	(1649, 'AVI: Advanced Visual Interfaces', 'http://dl.acm.org/proceedings/avi/', 'CSE', 'ACM', NULL, 'online', NULL, NULL),
	(1650, 'AVSTP2P: Advanced video streaming techniques for peer-to-peer networks and social networking', 'http://dl.acm.org/proceedings/avstp2p/', 'CSE', 'ACM', NULL, 'online', NULL, NULL),
	(1651, 'AcessNets: Access Networks', 'http://dl.acm.org/proceedings/acessnets/', 'CSE', 'ACM', NULL, 'online', NULL, NULL),
	(1652, 'Ambi-Sys: Ambient Media and Systems', 'http://dl.acm.org/proceedings/ambi-sys/', 'CSE', 'ACM', NULL, 'online', NULL, NULL),
	(1653, 'Assets: Computers and Accessibility', 'http://dl.acm.org/proceedings/assets/', 'CSE', 'ACM', NULL, 'online', NULL, NULL),
	(1654, 'AusGrid: Grid Computing and e-Research', 'http://dl.acm.org/proceedings/ausgrid/', 'CSE', 'ACM', NULL, 'online', NULL, NULL),
	(1655, 'AutomotiveUI: Automotive User Interfaces and Interactive Vehicular Applications', 'http://dl.acm.org/proceedings/automotiveui/', 'CSE', 'ACM', NULL, 'online', NULL, NULL),
	(1656, 'Autonomics: Autonomic Computing and Communication Systems', 'http://dl.acm.org/proceedings/autonomics/', 'CSE', 'ACM', NULL, 'online', NULL, NULL),
	(1657, 'BADS: Bio-Inspired Algorithms for Distributed Systems', 'http://dl.acm.org/proceedings/bads/', 'CSE', 'ACM', NULL, 'online', NULL, NULL),
	(1658, 'BCB: Bioinformatics and Computational Biology', 'http://dl.acm.org/proceedings/bcb/', 'CSE', 'ACM', NULL, 'online', NULL, NULL),
	(1659, 'BCS-HCI: British HCI Group Annual Conference on People and Computers', 'http://dl.acm.org/proceedings/bcs-hci/', 'CSE', 'ACM', NULL, 'online', NULL, NULL),
	(1660, 'BELIV: Beyond Time and Errors: Novel evaluation Methods for Information Visualization', 'http://dl.acm.org/proceedings/beliv/', 'CSE', 'ACM', NULL, 'online', NULL, NULL),
	(1661, 'BIOKDD: Bioinformatics', 'http://dl.acm.org/proceedings/biokdd/', 'CSE', 'ACM', NULL, 'online', NULL, NULL),
	(1662, 'BIONETICS: Bio Inspired Models of Network, Information and Computing Systems', 'http://dl.acm.org/proceedings/bionetics/', 'CSE', 'ACM', NULL, 'online', NULL, NULL),
	(1663, 'BM-FA: Behaviour Modelling', 'http://dl.acm.org/proceedings/bm-fa/', 'CSE', 'ACM', NULL, 'online', NULL, NULL),
	(1664, 'BM-MDA: Behaviour Modelling in Model-Driven Architecture', 'http://dl.acm.org/proceedings/bm-mda/', 'CSE', 'ACM', NULL, 'online', NULL, NULL),
	(1665, 'BPAOSD: Best Practices in Applying Aspect-Oriented Software Development', 'http://dl.acm.org/proceedings/bpaosd/', 'CSE', 'ACM', NULL, 'online', NULL, NULL),
	(1666, 'BQGT: Behavioral and Quantitative Game Theory', 'http://dl.acm.org/proceedings/bqgt/', 'CSE', 'ACM', NULL, 'online', NULL, NULL),
	(1667, 'BWAN: Broadband Wireless Access for Ubiquitous Networking', 'http://dl.acm.org/proceedings/bwan/', 'CSE', 'ACM', NULL, 'online', NULL, NULL),
	(1668, 'Baltic Sea: Baltic Sea Conference on Computing Education Research', 'http://dl.acm.org/proceedings/balticsea/', 'CSE', 'ACM', NULL, 'online', NULL, NULL),
	(1669, 'BiPi: Business Impact of Process Improvements', 'http://dl.acm.org/proceedings/bipi/', 'CSE', 'ACM', NULL, 'online', NULL, NULL),
	(1670, 'BooksOnline: Research Advances in Large Digital Book Repositories', 'http://dl.acm.org/proceedings/booksonline/', 'CSE', 'ACM', NULL, 'online', NULL, NULL),
	(1671, 'BuildSys: Embedded Sensing Systems for Energy-Efficiency in Buildings', 'http://dl.acm.org/proceedings/buildsys/', 'CSE', 'ACM', NULL, 'online', NULL, NULL),
	(1672, 'C&#38;C: Creativity and Cognition', 'http://dl.acm.org/proceedings/c&amp;c/', 'CSE', 'ACM', NULL, 'online', NULL, NULL),
	(1673, 'C&#38;T: Communities and Technologies', 'http://dl.acm.org/proceedings/c&amp;t/', 'CSE', 'ACM', NULL, 'online', NULL, NULL),
	(1674, 'C3P: Hypercube Concurrent Computers and Applications', 'http://dl.acm.org/proceedings/c3p/', 'CSE', 'ACM', NULL, 'online', NULL, NULL),
	(1675, 'C3S2E: C* Conference on Computer Science and Software Engineering', 'http://dl.acm.org/proceedings/cse/', 'CSE', 'ACM', NULL, 'online', NULL, NULL),
	(1676, 'CAI: Context in Advanced Interfaces', 'http://dl.acm.org/proceedings/cai/', 'CSE', 'ACM', NULL, 'online', NULL, NULL),
	(1677, 'CAMA: Contextualized Attention Metadata', 'http://dl.acm.org/proceedings/cama/', 'CSE', 'ACM', NULL, 'online', NULL, NULL),
	(1678, 'CAMRa: Context-aware Movie Recommendation', 'http://dl.acm.org/proceedings/camra/', 'CSE', 'ACM', NULL, 'online', NULL, NULL),
	(1679, 'CAMS: Context-Aware Middleware and Services', 'http://dl.acm.org/proceedings/cams/', 'CSE', 'ACM', NULL, 'online', NULL, NULL),
	(1680, 'CARPE: Continous Archival and Retrieval of Personal Experiences', 'http://dl.acm.org/proceedings/carpe/', 'CSE', 'ACM', NULL, 'online', NULL, NULL),
	(1681, 'CARS: Critical Automotive Applications', 'http://dl.acm.org/proceedings/cars/', 'CSE', 'ACM', NULL, 'online', NULL, NULL),
	(1682, 'CASEMANS: Context-Awareness for Self-Managing Systems', 'http://dl.acm.org/proceedings/casemans/', 'CSE', 'ACM', NULL, 'online', NULL, NULL),
	(1683, 'CASES: Compilers, Architectures and Synthesis for Embedded Systems', 'http://dl.acm.org/proceedings/cases/', 'CSE', 'ACM', NULL, 'online', NULL, NULL),
	(1684, 'CASTA: Context-Aware Software Technology and Application', 'http://dl.acm.org/proceedings/casta/', 'CSE', 'ACM', NULL, 'online', NULL, NULL),
	(1685, 'CAW: Computer Architecture for Non-Numeric Processing', 'http://dl.acm.org/proceedings/caw/', 'CSE', 'ACM', NULL, 'online', NULL, NULL),
	(1686, 'CBHPC: Component-Based High Performance Computing', 'http://dl.acm.org/proceedings/cbhpc/', 'CSE', 'ACM', NULL, 'online', NULL, NULL),
	(1687, 'CC: Critical Computing', 'http://dl.acm.org/proceedings/cc/', 'CSE', 'ACM', NULL, 'online', NULL, NULL),
	(1688, 'CCS: Computer and Communications Security', 'http://dl.acm.org/proceedings/ccs/', 'CSE', 'ACM', NULL, 'online', NULL, NULL),
	(1689, 'CCSC: Consortium for Computing Sciences in Colleges', 'http://dl.acm.org/proceedings/ccsc/', 'CSE', 'ACM', NULL, 'online', NULL, NULL),
	(1690, 'CCSW: Cloud Computing Security Workshop', 'http://dl.acm.org/proceedings/ccsw/', 'CSE', 'ACM', NULL, 'online', NULL, NULL),
	(1691, 'CCU: Contemporary Computing in Ukraine', 'http://dl.acm.org/proceedings/ccu/', 'CSE', 'ACM', NULL, 'online', NULL, NULL),
	(1692, 'CEA: Cooking and Eating Activities', 'http://dl.acm.org/proceedings/cea/', 'CSE', 'ACM', NULL, 'online', NULL, NULL),
	(1693, 'CF: Computing Frontiers', 'http://dl.acm.org/proceedings/cf/', 'CSE', 'ACM', NULL, 'online', NULL, NULL),
	(1694, 'CFI: Future Internet Technologies', 'http://dl.acm.org/proceedings/cfi/', 'CSE', 'ACM', NULL, 'online', NULL, NULL),
	(1695, 'CFP: Computers, Freedom and Privacy', 'http://dl.acm.org/proceedings/cfp/', 'CSE', 'ACM', NULL, 'online', NULL, NULL),
	(1696, 'CGI: Computer Graphics International', 'http://dl.acm.org/proceedings/cgi/', 'CSE', 'ACM', NULL, 'online', NULL, NULL),
	(1697, 'CGO: Code Generation and Optimization', 'http://dl.acm.org/proceedings/cgo/', 'CSE', 'ACM', NULL, 'online', NULL, NULL),
	(1698, 'CHANTS: Challenged Networks', 'http://dl.acm.org/proceedings/chants/', 'CSE', 'ACM', NULL, 'online', NULL, NULL),
	(1699, 'CHASE: Cooperative and Human Aspects on Software Engineering', 'http://dl.acm.org/proceedings/chase/', 'CSE', 'ACM', NULL, 'online', NULL, NULL),
	(1700, 'CHI EA: Conference on Human Factors in Computing Systems-Extended Abstracts', 'http://dl.acm.org/proceedings/chiea/', 'CSE', 'ACM', NULL, 'online', NULL, NULL),
	(1701, 'CHI: Conference on Human Factors in Computing Systems', 'http://dl.acm.org/proceedings/chi/', 'CSE', 'ACM', NULL, 'online', NULL, NULL),
	(1702, 'CHINA HPC: High Performance Computing', 'http://dl.acm.org/proceedings/chinahpc/', 'CSE', 'ACM', NULL, 'online', NULL, NULL),
	(1703, 'CHINZ: ACM SIGCHI New Zealand Chapter\'s International Conference on Human-Computer Interaction', 'http://dl.acm.org/proceedings/chinz/', 'CSE', 'ACM', NULL, 'online', NULL, NULL),
	(1704, 'CHiMiT: Computer Human Interaction for the Management of Information Technology', 'http://dl.acm.org/proceedings/chimit/', 'CSE', 'ACM', NULL, 'online', NULL, NULL),
	(1705, 'CIAA: Implementation and Application of Automata', 'http://dl.acm.org/proceedings/ciaa/', 'CSE', 'ACM', NULL, 'online', NULL, NULL),
	(1706, 'CIAO: Context, Information and Ontologies', 'http://dl.acm.org/proceedings/ciao/', 'CSE', 'ACM', NULL, 'online', NULL, NULL),
	(1707, 'CIKM: Conference on Information and Knowledge Management', 'http://dl.acm.org/proceedings/cikm/', 'CSE', 'ACM', NULL, 'online', NULL, NULL),
	(1708, 'CIMS: CyberInfrastructure: Information Management in eScience', 'http://dl.acm.org/proceedings/cims/', 'CSE', 'ACM', NULL, 'online', NULL, NULL),
	(1709, 'CIVR: Conference on Image and Video Retrieval', 'http://dl.acm.org/proceedings/civr/', 'CSE', 'ACM', NULL, 'online', NULL, NULL),
	(1710, 'CLADE: Challenges of Large Applications in Distributed Environments', 'http://dl.acm.org/proceedings/clade/', 'CSE', 'ACM', NULL, 'online', NULL, NULL),
	(1711, 'CLIHC: Latin American Conference on Human-Computer Interaction', 'http://dl.acm.org/proceedings/clihc/', 'CSE', 'ACM', NULL, 'online', NULL, NULL),
	(1712, 'CLOUD: Software Engineering Challenges of Cloud Computing', 'http://dl.acm.org/proceedings/cloud/', 'CSE', 'ACM', NULL, 'online', NULL, NULL),
	(1713, 'CMM: Connected Multimedia', 'http://dl.acm.org/proceedings/cmm/', 'CSE', 'ACM', NULL, 'online', NULL, NULL),
	(1714, 'CMSB: Computational Methods in Systems Biology', 'http://dl.acm.org/proceedings/cmsb/', 'CSE', 'ACM', NULL, 'online', NULL, NULL),
	(1715, 'CNIKM: Complex Networks Meet Information & Knowledge Management', 'http://dl.acm.org/proceedings/cnikm/', 'CSE', 'ACM', NULL, 'online', NULL, NULL),
	(1716, 'CNS: Communications and Networking Simulation', 'http://dl.acm.org/proceedings/cns/', 'CSE', 'ACM', NULL, 'online', NULL, NULL),
	(1717, 'COCS: Conference on Organizational Computing Systems', 'http://dl.acm.org/proceedings/cocs/', 'CSE', 'ACM', NULL, 'online', NULL, NULL),
	(1718, 'CODES: Hardware Software Codesign', 'http://dl.acm.org/proceedings/codes/', 'CSE', 'ACM', NULL, 'online', NULL, NULL),
	(1719, 'COLT: Computational Learning Theory', 'http://dl.acm.org/proceedings/colt/', 'CSE', 'ACM', NULL, 'online', NULL, NULL),
	(1720, 'COM.Geo: Computing for Geospatial Research &#38; Application', 'http://dl.acm.org/proceedings/com.geo/', 'CSE', 'ACM', NULL, 'online', NULL, NULL),
	(1721, 'COMM: Communications Architectures and Protocols', 'http://dl.acm.org/proceedings/comm/', 'CSE', 'ACM', NULL, 'online', NULL, NULL),
	(1722, 'COMPUTE: COMPUTE', 'http://dl.acm.org/proceedings/compute/', 'CSE', 'ACM', NULL, 'online', NULL, NULL),
	(1723, 'COMSWARE: Communication System Software and Middleware', 'http://dl.acm.org/proceedings/comsware/', 'CSE', 'ACM', NULL, 'online', NULL, NULL),
	(1724, 'COP: Context-Oriented Programming', 'http://dl.acm.org/proceedings/cop/', 'CSE', 'ACM', NULL, 'online', NULL, NULL),
	(1725, 'CPR: Computers and People Research', 'http://dl.acm.org/proceedings/sigcpr/', 'CSE', 'ACM', NULL, 'online', NULL, NULL),
	(1726, 'CQL: Computers and the Quality of Life', 'http://dl.acm.org/proceedings/cql/', 'CSE', 'ACM', NULL, 'online', NULL, NULL),
	(1727, 'CSAW: Computer Security Architectures', 'http://dl.acm.org/proceedings/csaw/', 'CSE', 'ACM', NULL, 'online', NULL, NULL),
	(1728, 'CSC: Conference on Computer Science', 'http://dl.acm.org/proceedings/csc/', 'CSE', 'ACM', NULL, 'online', NULL, NULL),
	(1729, 'CSCW: Computer Supported Cooperative Work', 'http://dl.acm.org/proceedings/cscw/', 'CSE', 'ACM', NULL, 'online', NULL, NULL),
	(1730, 'CSI-KDD: CyberSecurity and Intelligence Informatics', 'http://dl.acm.org/proceedings/csi-kdd/', 'CSE', 'ACM', NULL, 'online', NULL, NULL),
	(1731, 'CSIIRW: Cyber Security and Information Intelligence Research', 'http://dl.acm.org/proceedings/csiirw/', 'CSE', 'ACM', NULL, 'online', NULL, NULL),
	(1732, 'CSSSIA: Context Enabled Source and Service Selection, Integration and Adaption', 'http://dl.acm.org/proceedings/csssia/', 'CSE', 'ACM', NULL, 'online', NULL, NULL),
	(1733, 'CSTST: Soft Computing as Transdisciplinary Science and Technology', 'http://dl.acm.org/proceedings/cstst/', 'CSE', 'ACM', NULL, 'online', NULL, NULL),
	(1734, 'CUFP: Commercial Users of Functional Programming', 'http://dl.acm.org/proceedings/cufp/', 'CSE', 'ACM', NULL, 'online', NULL, NULL),
	(1735, 'CUU: Conference on Universal Usability', 'http://dl.acm.org/proceedings/cuu/', 'CSE', 'ACM', NULL, 'online', NULL, NULL),
	(1736, 'CVDB: Computer Vision Meets Databases', 'http://dl.acm.org/proceedings/cvdb/', 'CSE', 'ACM', NULL, 'online', NULL, NULL),
	(1737, 'CVE: Collaborative Virtual Environments', 'http://dl.acm.org/proceedings/cve/', 'CSE', 'ACM', NULL, 'online', NULL, NULL),
	(1738, 'CVSM: Comparison and Versioning of Software Models', 'http://dl.acm.org/proceedings/cvsm/', 'CSE', 'ACM', NULL, 'online', NULL, NULL),
	(1739, 'CWIT: Women and ICT', 'http://dl.acm.org/proceedings/cwit/', 'CSE', 'ACM', NULL, 'online', NULL, NULL),
	(1740, 'CWNETS: Cognitive Wireless Networks', 'http://dl.acm.org/proceedings/cwnets/', 'CSE', 'ACM', NULL, 'online', NULL, NULL),
	(1741, 'Casemans: Context-Awareness for Self-Managing Systems', 'http://dl.acm.org/proceedings/casemans/', 'CSE', 'ACM', NULL, 'online', NULL, NULL),
	(1742, 'CloudDB: Cloud Data Management', 'http://dl.acm.org/proceedings/clouddb/', 'CSE', 'ACM', NULL, 'online', NULL, NULL),
	(1743, 'CoNEXT: Co-NEXT', 'http://dl.acm.org/proceedings/conext/', 'CSE', 'ACM', NULL, 'online', NULL, NULL),
	(1744, 'CoRoNet: Cognitive Radio Networks', 'http://dl.acm.org/proceedings/coronet/', 'CSE', 'ACM', NULL, 'online', NULL, NULL),
	(1745, 'CommunicabilityMS: Communicability Design and Evaluation in Cultural and Ecological Multimedia System', 'http://dl.acm.org/proceedings/communicabilityms/', 'CSE', 'ACM', NULL, 'online', NULL, NULL),
	(1746, 'CompBio: Computational biology', 'http://dl.acm.org/proceedings/compbio/', 'CSE', 'ACM', NULL, 'online', NULL, NULL),
	(1747, 'CompFrame: Component and Framework Technology in High-Performance and Scientific Computing', 'http://dl.acm.org/proceedings/compframe/', 'CSE', 'ACM', NULL, 'online', NULL, NULL),
	(1748, 'CompSysTech: Computer Systems and Technologies', 'http://dl.acm.org/proceedings/compsystech/', 'CSE', 'ACM', NULL, 'online', NULL, NULL),
	(1749, 'Companion: Middleware 08 Conference Companion', 'http://dl.acm.org/proceedings/companion/', 'CSE', 'ACM', NULL, 'online', NULL, NULL),
	(1750, 'Creating: Creating Out of the Machine', 'http://dl.acm.org/proceedings/creating/', 'CSE', 'ACM', NULL, 'online', NULL, NULL),
	(1751, 'DAC: Design Automation Conference', 'http://dl.acm.org/proceedings/dac/', 'CSE', 'ACM', NULL, 'online', NULL, NULL),
	(1752, 'DADC: Data-aware Distributed Computing', 'http://dl.acm.org/proceedings/dadc/', 'CSE', 'ACM', NULL, 'online', NULL, NULL),
	(1753, 'DAMP: Declarative Aspects of Multicore Programming', 'http://dl.acm.org/proceedings/damp/', 'CSE', 'ACM', NULL, 'online', NULL, NULL),
	(1754, 'DARE: Designing Augmented Reality Environments', 'http://dl.acm.org/proceedings/dare/', 'CSE', 'ACM', NULL, 'online', NULL, NULL),
	(1755, 'DAS: Document Analysis Systems', 'http://dl.acm.org/proceedings/das/', 'CSE', 'ACM', NULL, 'online', NULL, NULL),
	(1756, 'DATACOMM: Data Communications and Data Networks', 'http://dl.acm.org/proceedings/datacomm/', 'CSE', 'ACM', NULL, 'online', NULL, NULL),
	(1757, 'DATE: Design, Automation and Test in Europe', 'http://dl.acm.org/proceedings/date/', 'CSE', 'ACM', NULL, 'online', NULL, NULL),
	(1758, 'DBTest: Testing Database Systems', 'http://dl.acm.org/proceedings/dbtest/', 'CSE', 'ACM', NULL, 'online', NULL, NULL),
	(1759, 'DCOSS: Distributed Computing in Sensor Systems', 'http://dl.acm.org/proceedings/dcoss/', 'CSE', 'ACM', NULL, 'online', NULL, NULL),
	(1760, 'DD4LCCI: Data Dissemination for Large Scale Complex Critical Infrastructures', 'http://dl.acm.org/proceedings/dd4lcci/', 'CSE', 'ACM', NULL, 'online', NULL, NULL),
	(1761, 'DDDM: Domain Driven Data Mining', 'http://dl.acm.org/proceedings/dddm/', 'CSE', 'ACM', NULL, 'online', NULL, NULL),
	(1762, 'DEAS: Design and Evolution of Autonomic Application Software', 'http://dl.acm.org/proceedings/deas/', 'CSE', 'ACM', NULL, 'online', NULL, NULL),
	(1763, 'DEBS: Distributed Event-Based Systems', 'http://dl.acm.org/proceedings/debs/', 'CSE', 'ACM', NULL, 'online', NULL, NULL),
	(1764, 'DEECS: Data Enginering issues in E-commerce and Services', 'http://dl.acm.org/proceedings/deecs/', 'CSE', 'ACM', NULL, 'online', NULL, NULL),
	(1765, 'DEFECTS: Defects in Large Software Systems', 'http://dl.acm.org/proceedings/defects/', 'CSE', 'ACM', NULL, 'online', NULL, NULL),
	(1766, 'DESIRE: Creativity and Innovation in Design', 'http://dl.acm.org/proceedings/desire/', 'CSE', 'ACM', NULL, 'online', NULL, NULL),
	(1767, 'DESRIST: Design Science Research in Information Systems and Technology', 'http://dl.acm.org/proceedings/desrist/', 'CSE', 'ACM', NULL, 'online', NULL, NULL),
	(1768, 'DIALM: DIALM', 'http://dl.acm.org/proceedings/dialm/', 'CSE', 'ACM', NULL, 'online', NULL, NULL),
	(1769, 'DIM: Digital Identity Management', 'http://dl.acm.org/proceedings/dim/', 'CSE', 'ACM', NULL, 'online', NULL, NULL),
	(1770, 'DIMEA: Digital Interactive Media in Entertainment and Arts', 'http://dl.acm.org/proceedings/dimea/', 'CSE', 'ACM', NULL, 'online', NULL, NULL),
	(1771, 'DIN: Dynamic Interconnection of Networks', 'http://dl.acm.org/proceedings/din/', 'CSE', 'ACM', NULL, 'online', NULL, NULL),
	(1772, 'DIS: Designing Interactive Systems', 'http://dl.acm.org/proceedings/dis/', 'CSE', 'ACM', NULL, 'online', NULL, NULL),
	(1773, 'DIWANS: Dependability Issues in Wireless and Ad-Hoc Networks and Sensor Networks', 'http://dl.acm.org/proceedings/diwans/', 'CSE', 'ACM', NULL, 'online', NULL, NULL),
	(1774, 'DL: Digital Libraries', 'http://dl.acm.org/proceedings/dl/', 'CSE', 'ACM', NULL, 'online', NULL, NULL),
	(1775, 'DLS: Dynamic Languages', 'http://dl.acm.org/proceedings/dls/', 'CSE', 'ACM', NULL, 'online', NULL, NULL),
	(1776, 'DMG: Data Mining for Geoinformatics', 'http://dl.acm.org/proceedings/dmg/', 'CSE', 'ACM', NULL, 'online', NULL, NULL),
	(1777, 'DMKD: Research Issues in Data Mining and Knowledge Discovery', 'http://dl.acm.org/proceedings/dmkd/', 'CSE', 'ACM', NULL, 'online', NULL, NULL),
	(1778, 'DMMT: Data Mining using Matrices and Tensors', 'http://dl.acm.org/proceedings/dmmt/', 'CSE', 'ACM', NULL, 'online', NULL, NULL),
	(1779, 'DMSN: Data Management for Sensor Networks', 'http://dl.acm.org/proceedings/dmsn/', 'CSE', 'ACM', NULL, 'online', NULL, NULL),
	(1780, 'DMSSP: Data Mining Standards, Services and Platforms', 'http://dl.acm.org/proceedings/dmssp/', 'CSE', 'ACM', NULL, 'online', NULL, NULL),
	(1781, 'DO: Distributed Objects', 'http://dl.acm.org/proceedings/do/', 'CSE', 'ACM', NULL, 'online', NULL, NULL),
	(1782, 'DOCPROCS: Document Processing Systems', 'http://dl.acm.org/proceedings/docprocs/', 'CSE', 'ACM', NULL, 'online', NULL, NULL),
	(1783, 'DOLAP: Data Warehousing and OLAP', 'http://dl.acm.org/proceedings/dolap/', 'CSE', 'ACM', NULL, 'online', NULL, NULL),
	(1784, 'DOSTA: Domain Specific Approaches to Software Test Automation', 'http://dl.acm.org/proceedings/dosta/', 'CSE', 'ACM', NULL, 'online', NULL, NULL),
	(1785, 'DPDS: Databases in Parallel and Distributed Systems', 'http://dl.acm.org/proceedings/dpds/', 'CSE', 'ACM', NULL, 'online', NULL, NULL),
	(1786, 'DPPI: Designing Pleasurable Products and Interfaces', 'http://dl.acm.org/proceedings/dppi/', 'CSE', 'ACM', NULL, 'online', NULL, NULL),
	(1787, 'DRM: Digital Rights Management', 'http://dl.acm.org/proceedings/drm/', 'CSE', 'ACM', NULL, 'online', NULL, NULL),
	(1788, 'DS-RT: Distributed Simulation and Real Time Applications', 'http://dl.acm.org/proceedings/ds-rt/', 'CSE', 'ACM', NULL, 'online', NULL, NULL),
	(1789, 'DSAL: Domain-Specific Aspect Languages', 'http://dl.acm.org/proceedings/dsal/', 'CSE', 'ACM', NULL, 'online', NULL, NULL),
	(1790, 'DSL: Domain-Specific Languages', 'http://dl.acm.org/proceedings/dsl/', 'CSE', 'ACM', NULL, 'online', NULL, NULL),
	(1791, 'DSM: Doctoral Symposium on Middleware', 'http://dl.acm.org/proceedings/dsm/', 'CSE', 'ACM', NULL, 'online', NULL, NULL),
	(1792, 'DSMM: Data-Intensive Software Management and Mining', 'http://dl.acm.org/proceedings/dsmm/', 'CSE', 'ACM', NULL, 'online', NULL, NULL),
	(1793, 'DTMBIO: Data and Text Mining in Biomedical Informatics', 'http://dl.acm.org/proceedings/dtmbio/', 'CSE', 'ACM', NULL, 'online', NULL, NULL),
	(1794, 'DUX: Designing for User eXperiences', 'http://dl.acm.org/proceedings/dux/', 'CSE', 'ACM', NULL, 'online', NULL, NULL),
	(1795, 'DYADEM-FTS: Dependeability Models for Fault-Tolerant Systems', 'http://dl.acm.org/proceedings/dyadem-fts/', 'CSE', 'ACM', NULL, 'online', NULL, NULL),
	(1796, 'DYNAMO: Dynamic and Adaptive Compilation and Optimization', 'http://dl.acm.org/proceedings/dynamo/', 'CSE', 'ACM', NULL, 'online', NULL, NULL),
	(1797, 'DaGreS: Data Grids for eScience', 'http://dl.acm.org/proceedings/dagres/', 'CSE', 'ACM', NULL, 'online', NULL, NULL),
	(1798, 'DaMaP: Data Management in Peer-to-Peer Systems', 'http://dl.acm.org/proceedings/damap/', 'CSE', 'ACM', NULL, 'online', NULL, NULL),
	(1799, 'DaMoN: Data Management on New Hardware', 'http://dl.acm.org/proceedings/damon/', 'CSE', 'ACM', NULL, 'online', NULL, NULL),
	(1800, 'DataX: Database Technologies for Handling XML Information on the Web', 'http://dl.acm.org/proceedings/datax/', 'CSE', 'ACM', NULL, 'online', NULL, NULL),
	(1801, 'DocEng: Document Engineering', 'http://dl.acm.org/proceedings/doceng/', 'CSE', 'ACM', NULL, 'online', NULL, NULL),
	(1802, 'Dutch HCI: Dutch directions in HCI', 'http://dl.acm.org/proceedings/dutchhci/', 'CSE', 'ACM', NULL, 'online', NULL, NULL),
	(1803, 'E-WIND: Experimental Approaches to Wireless Network Design and Analysis', 'http://dl.acm.org/proceedings/e-wind/', 'CSE', 'ACM', NULL, 'online', NULL, NULL),
	(1804, 'EA: Early Aspects', 'http://dl.acm.org/proceedings/ea/', 'CSE', 'ACM', NULL, 'online', NULL, NULL),
	(1805, 'EATIS: Euro American Conference on Telematics and Information Systems', 'http://dl.acm.org/proceedings/eatis/', 'CSE', 'ACM', NULL, 'online', NULL, NULL),
	(1806, 'EC: Electronic Commerce', 'http://dl.acm.org/proceedings/ec/', 'CSE', 'ACM', NULL, 'online', NULL, NULL),
	(1807, 'ECA: Ethics in the Computer Age', 'http://dl.acm.org/proceedings/eca/', 'CSE', 'ACM', NULL, 'online', NULL, NULL),
	(1808, 'ECCE: European Conference on Cognitive Ergonomics', 'http://dl.acm.org/proceedings/ecce/', 'CSE', 'ACM', NULL, 'online', NULL, NULL),
	(1809, 'ECHT: European Conference on Hypermedia Technology', 'http://dl.acm.org/proceedings/echt/', 'CSE', 'ACM', NULL, 'online', NULL, NULL),
	(1810, 'ECIR: European Conference on Information Retrieval', 'http://dl.acm.org/proceedings/ecir/', 'CSE', 'ACM', NULL, 'online', NULL, NULL),
	(1811, 'ECMFA-TW: ECMFA Traceability Workshop', 'http://dl.acm.org/proceedings/ecmfa-tw/', 'CSE', 'ACM', NULL, 'online', NULL, NULL),
	(1812, 'ECOOP: European Conference on Object-Oriented Programming', 'http://dl.acm.org/proceedings/ecoop/', 'CSE', 'ACM', NULL, 'online', NULL, NULL),
	(1813, 'ECSA: European Conference on Software Architecture', 'http://dl.acm.org/proceedings/ecsa/', 'CSE', 'ACM', NULL, 'online', NULL, NULL),
	(1814, 'EDBT: Extending Database Technology', 'http://dl.acm.org/proceedings/edbt/', 'CSE', 'ACM', NULL, 'online', NULL, NULL),
	(1815, 'EDSER: Economics-Driven Software Engineering Research', 'http://dl.acm.org/proceedings/edser/', 'CSE', 'ACM', NULL, 'online', NULL, NULL),
	(1816, 'EDT: Emerging Displays Technologies', 'http://dl.acm.org/proceedings/edt/', 'CSE', 'ACM', NULL, 'online', NULL, NULL),
	(1817, 'EDTC: European Conference on Design and Test', 'http://dl.acm.org/proceedings/edtc/', 'CSE', 'ACM', NULL, 'online', NULL, NULL),
	(1818, 'EESR: End-to-end, Sense-and-respond Systems, Applications and Services', 'http://dl.acm.org/proceedings/eesr/', 'CSE', 'ACM', NULL, 'online', NULL, NULL),
	(1819, 'EFTS: Engineering Fault Tolerant Systems', 'http://dl.acm.org/proceedings/efts/', 'CSE', 'ACM', NULL, 'online', NULL, NULL),
	(1820, 'EGPGV: Eurographics Workshop on Parallel Graphics and Visualization', 'http://dl.acm.org/proceedings/egpgv/', 'CSE', 'ACM', NULL, 'online', NULL, NULL),
	(1821, 'EGRW: Eurographics Workshop on Rendering', 'http://dl.acm.org/proceedings/egrw/', 'CSE', 'ACM', NULL, 'online', NULL, NULL),
	(1822, 'EGVE: Virtual Environments', 'http://dl.acm.org/proceedings/egve/', 'CSE', 'ACM', NULL, 'online', NULL, NULL),
	(1823, 'EICS: Engineering Interactive Computing Systems', 'http://dl.acm.org/proceedings/eics/', 'CSE', 'ACM', NULL, 'online', NULL, NULL),
	(1824, 'ELW: European Lisp Workshop', 'http://dl.acm.org/proceedings/elw/', 'CSE', 'ACM', NULL, 'online', NULL, NULL),
	(1825, 'EMSOFT: Embedded Software', 'http://dl.acm.org/proceedings/emsoft/', 'CSE', 'ACM', NULL, 'online', NULL, NULL),
	(1826, 'EOMAS: Enterprises & Organizational Modeling and Simulation', 'http://dl.acm.org/proceedings/eomas/', 'CSE', 'ACM', NULL, 'online', NULL, NULL),
	(1827, 'EPIA: Progress in Artificial Intelligence', 'http://dl.acm.org/proceedings/epia/', 'CSE', 'ACM', NULL, 'online', NULL, NULL),
	(1828, 'ERLANG: ERLANG', 'http://dl.acm.org/proceedings/erlang/', 'CSE', 'ACM', NULL, 'online', NULL, NULL),
	(1829, 'ESAIR: Exploiting Semantic Annotations in Information Retrieval', 'http://dl.acm.org/proceedings/esair/', 'CSE', 'ACM', NULL, 'online', NULL, NULL),
	(1830, 'ESC: Economics of Software and Computation', 'http://dl.acm.org/proceedings/esc/', 'CSE', 'ACM', NULL, 'online', NULL, NULL),
	(1831, 'ESEC/FSE: European Software Engineering Conference', 'http://dl.acm.org/proceedings/esec/fse/', 'CSE', 'ACM', NULL, 'online', NULL, NULL),
	(1832, 'ESEM: Empirical Software Engineering and Measurement', 'http://dl.acm.org/proceedings/esem/', 'CSE', 'ACM', NULL, 'online', NULL, NULL),
	(1833, 'ESP: Empirical Studies of Programmers', 'http://dl.acm.org/proceedings/esp/', 'CSE', 'ACM', NULL, 'online', NULL, NULL),
	(1834, 'ESSPE: Engineering of Software Services for Pervasive Environments', 'http://dl.acm.org/proceedings/esspe/', 'CSE', 'ACM', NULL, 'online', NULL, NULL),
	(1835, 'ESTMED: Embedded Systems for Real Time Multimedia', 'http://dl.acm.org/proceedings/estmed/', 'CSE', 'ACM', NULL, 'online', NULL, NULL),
	(1836, 'ETOOS: Testing Object-Oriented Systems', 'http://dl.acm.org/proceedings/etoos/', 'CSE', 'ACM', NULL, 'online', NULL, NULL),
	(1837, 'ETP: Effective Telepresence', 'http://dl.acm.org/proceedings/etp/', 'CSE', 'ACM', NULL, 'online', NULL, NULL),
	(1838, 'ETRA: Eye Tracking Research and Applications', 'http://dl.acm.org/proceedings/etra/', 'CSE', 'ACM', NULL, 'online', NULL, NULL),
	(1839, 'EURO-DAC: European Design Automation', 'http://dl.acm.org/proceedings/euro-dac/', 'CSE', 'ACM', NULL, 'online', NULL, NULL),
	(1840, 'EUROSEC: European Workshop on System Security', 'http://dl.acm.org/proceedings/eurosec/', 'CSE', 'ACM', NULL, 'online', NULL, NULL),
	(1841, 'EUSAI: European Union symposium on Ambient intelligence', 'http://dl.acm.org/proceedings/eusai/', 'CSE', 'ACM', NULL, 'online', NULL, NULL),
	(1842, 'EW: ACM SIGOPS European Workshop', 'http://dl.acm.org/proceedings/ew/', 'CSE', 'ACM', NULL, 'online', NULL, NULL),
	(1843, 'EiMM: Events in Multimedia', 'http://dl.acm.org/proceedings/eimm/', 'CSE', 'ACM', NULL, 'online', NULL, NULL),
	(1844, 'EmNets: Embedded Networked Sensors', 'http://dl.acm.org/proceedings/emnets/', 'CSE', 'ACM', NULL, 'online', NULL, NULL),
	(1845, 'Emme: Educational Multimedia and Multimedia Education', 'http://dl.acm.org/proceedings/emme/', 'CSE', 'ACM', NULL, 'online', NULL, NULL),
	(1846, 'Ergo\'IA: Ergonomie et Informatique Avancee Conference', 'http://dl.acm.org/proceedings/ergo\'ia/', 'CSE', 'ACM', NULL, 'online', NULL, NULL),
	(1847, 'EuroITV: Interactive TV &#38; Video', 'http://dl.acm.org/proceedings/euroitv/', 'CSE', 'ACM', NULL, 'online', NULL, NULL),
	(1848, 'EuroSys: European Conference on Computer Systems', 'http://dl.acm.org/proceedings/eurosys/', 'CSE', 'ACM', NULL, 'online', NULL, NULL),
	(1849, 'ExpCS: Experimental Computer Science', 'http://dl.acm.org/proceedings/expcs/', 'CSE', 'ACM', NULL, 'online', NULL, NULL),
	(1850, 'FAA: Facial Analysis and Animation', 'http://dl.acm.org/proceedings/faa/', 'CSE', 'ACM', NULL, 'online', NULL, NULL),
	(1851, 'FAST: File and Storage Technologies', 'http://dl.acm.org/proceedings/fast/', 'CSE', 'ACM', NULL, 'online', NULL, NULL),
	(1852, 'FDG: Foundations of Digital Games', 'http://dl.acm.org/proceedings/fdg/', 'CSE', 'ACM', NULL, 'online', NULL, NULL),
	(1853, 'FDNA: Future Directions in Network Architectures', 'http://dl.acm.org/proceedings/fdna/', 'CSE', 'ACM', NULL, 'online', NULL, NULL),
	(1854, 'FDPE: Functional and Declarative Progamming in Education', 'http://dl.acm.org/proceedings/fdpe/', 'CSE', 'ACM', NULL, 'online', NULL, NULL),
	(1855, 'FIT: Frontiers of Information Technology', 'http://dl.acm.org/proceedings/fit/', 'CSE', 'ACM', NULL, 'online', NULL, NULL),
	(1856, 'FLOSS: Emerging Trends in Free/Libre/Open Source Software Research and Development', 'http://dl.acm.org/proceedings/floss/', 'CSE', 'ACM', NULL, 'online', NULL, NULL),
	(1857, 'FMICS: Formal Methods for Industrial Critical Systems', 'http://dl.acm.org/proceedings/fmics/', 'CSE', 'ACM', NULL, 'online', NULL, NULL),
	(1858, 'FMSE: Formal Methods in Security Engineering', 'http://dl.acm.org/proceedings/fmse/', 'CSE', 'ACM', NULL, 'online', NULL, NULL),
	(1859, 'FMSP: Formal Methods in Software Practice', 'http://dl.acm.org/proceedings/fmsp/', 'CSE', 'ACM', NULL, 'online', NULL, NULL),
	(1860, 'FOAL: Foundations of Aspect-Oriented Languages', 'http://dl.acm.org/proceedings/foal/', 'CSE', 'ACM', NULL, 'online', NULL, NULL),
	(1861, 'FOGA: Foundations of Genetic Algorithms', 'http://dl.acm.org/proceedings/foga/', 'CSE', 'ACM', NULL, 'online', NULL, NULL),
	(1862, 'FOIS: Formal Ontology in Information Systems', 'http://dl.acm.org/proceedings/fois/', 'CSE', 'ACM', NULL, 'online', NULL, NULL),
	(1863, 'FORTH: FORTH', 'http://dl.acm.org/proceedings/forth/', 'CSE', 'ACM', NULL, 'online', NULL, NULL),
	(1864, 'FOSD: Feature-Oriented Software Development', 'http://dl.acm.org/proceedings/fosd/', 'CSE', 'ACM', NULL, 'online', NULL, NULL),
	(1865, 'FOSE: Future of Software Engineering', 'http://dl.acm.org/proceedings/fose/', 'CSE', 'ACM', NULL, 'online', NULL, NULL),
	(1866, 'FOWANC: Foundations of Wireless Ad-Hoc and Sensor Networking and Computing', 'http://dl.acm.org/proceedings/fowanc/', 'CSE', 'ACM', NULL, 'online', NULL, NULL),
	(1867, 'FPCA: Functional Programming Languages and Computer Architecture', 'http://dl.acm.org/proceedings/fpca/', 'CSE', 'ACM', NULL, 'online', NULL, NULL),
	(1868, 'FPGA: Field Programmable Gate Arrays', 'http://dl.acm.org/proceedings/fpga/', 'CSE', 'ACM', NULL, 'online', NULL, NULL),
	(1869, 'FPGAworld: FPGAworld', 'http://dl.acm.org/proceedings/fpgaworld/', 'CSE', 'ACM', NULL, 'online', NULL, NULL),
	(1870, 'FSEDS: Foundations of Software Engineering Doctoral Symposium', 'http://dl.acm.org/proceedings/fseds/', 'CSE', 'ACM', NULL, 'online', NULL, NULL),
	(1871, 'FSEN: Fundamentals of Software Engineering', 'http://dl.acm.org/proceedings/fsen/', 'CSE', 'ACM', NULL, 'online', NULL, NULL),
	(1872, 'FSM: Functional Size Measurement', 'http://dl.acm.org/proceedings/fsm/', 'CSE', 'ACM', NULL, 'online', NULL, NULL),
	(1873, 'FTfJP: Formal Techniques for Java-like Programs', 'http://dl.acm.org/proceedings/ftfjp/', 'CSE', 'ACM', NULL, 'online', NULL, NULL),
	(1874, 'FeBiD: International Workshop on Feedback Control Implementation and Design in Computing Systems and Networks', 'http://dl.acm.org/proceedings/febid/', 'CSE', 'ACM', NULL, 'online', NULL, NULL),
	(1875, 'FoSER: Future of Software Engineering Research', 'http://dl.acm.org/proceedings/foser/', 'CSE', 'ACM', NULL, 'online', NULL, NULL),
	(1876, 'Fun and Games: Fun and Games', 'http://dl.acm.org/proceedings/funandgames/', 'CSE', 'ACM', NULL, 'online', NULL, NULL),
	(1877, 'Future Play: Future Play', 'http://dl.acm.org/proceedings/futureplay/', 'CSE', 'ACM', NULL, 'online', NULL, NULL),
	(1878, 'GCE: Grid Computing Environments', 'http://dl.acm.org/proceedings/gce/', 'CSE', 'ACM', NULL, 'online', NULL, NULL),
	(1879, 'GCM: Green Computing', 'http://dl.acm.org/proceedings/gcm/', 'CSE', 'ACM', NULL, 'online', NULL, NULL),
	(1880, 'GDCSE: Game Development in Computer Science Education', 'http://dl.acm.org/proceedings/gdcse/', 'CSE', 'ACM', NULL, 'online', NULL, NULL),
	(1881, 'GEC: Genetic and Evolutionary Computation', 'http://dl.acm.org/proceedings/gec/', 'CSE', 'ACM', NULL, 'online', NULL, NULL),
	(1882, 'GECCO: Genetic and Evolutionary Computation Conference', 'http://dl.acm.org/proceedings/gecco/', 'CSE', 'ACM', NULL, 'online', NULL, NULL),
	(1883, 'GH: Graphics Hardware', 'http://dl.acm.org/proceedings/gh/', 'CSE', 'ACM', NULL, 'online', NULL, NULL),
	(1884, 'GI: Graphics Interface', 'http://dl.acm.org/proceedings/gi/', 'CSE', 'ACM', NULL, 'online', NULL, NULL),
	(1885, 'GIR: Geographic Information Retrieval', 'http://dl.acm.org/proceedings/gir/', 'CSE', 'ACM', NULL, 'online', NULL, NULL),
	(1886, 'GIS: Geographic Information Systems', 'http://dl.acm.org/proceedings/gis/', 'CSE', 'ACM', NULL, 'online', NULL, NULL),
	(1887, 'GLSVLSI: Great Lakes Symposium on VLSI', 'http://dl.acm.org/proceedings/glsvlsi/', 'CSE', 'ACM', NULL, 'online', NULL, NULL),
	(1888, 'GMAC: Grids Meets Autonomic Computing', 'http://dl.acm.org/proceedings/gmac/', 'CSE', 'ACM', NULL, 'online', NULL, NULL),
	(1889, 'GMW: Grid Monitoring', 'http://dl.acm.org/proceedings/gmw/', 'CSE', 'ACM', NULL, 'online', NULL, NULL),
	(1890, 'GPCE: Generative Programming and Component Engineering', 'http://dl.acm.org/proceedings/gpce/', 'CSE', 'ACM', NULL, 'online', NULL, NULL),
	(1891, 'GPGPU: General Purpose Processing on Graphics Processing Units', 'http://dl.acm.org/proceedings/gpgpu/', 'CSE', 'ACM', NULL, 'online', NULL, NULL),
	(1892, 'GRAPHITE: Computer Graphics and Interactive Techniques in Australia and South East Asia', 'http://dl.acm.org/proceedings/graphite/', 'CSE', 'ACM', NULL, 'online', NULL, NULL),
	(1893, 'GRID: Grid Computing', 'http://dl.acm.org/proceedings/grid/', 'CSE', 'ACM', NULL, 'online', NULL, NULL),
	(1894, 'GROUP: Supporting Group Work', 'http://dl.acm.org/proceedings/group/', 'CSE', 'ACM', NULL, 'online', NULL, NULL),
	(1895, 'GRaMoT: Graph and Model Transformations', 'http://dl.acm.org/proceedings/gramot/', 'CSE', 'ACM', NULL, 'online', NULL, NULL),
	(1896, 'GSD: Global Software Development for the Practitioner', 'http://dl.acm.org/proceedings/gsd/', 'CSE', 'ACM', NULL, 'online', NULL, NULL),
	(1897, 'GTIP: Governance of Technology, Information, and Policies', 'http://dl.acm.org/proceedings/gtip/', 'CSE', 'ACM', NULL, 'online', NULL, NULL),
	(1898, 'GaMMa: Global Integrated Model Management', 'http://dl.acm.org/proceedings/gamma/', 'CSE', 'ACM', NULL, 'online', NULL, NULL),
	(1899, 'GameNets: Game Theory for Communications and Networks', 'http://dl.acm.org/proceedings/gamenets/', 'CSE', 'ACM', NULL, 'online', NULL, NULL),
	(1900, 'Green Networking: Green networking', 'http://dl.acm.org/proceedings/greennetworking/', 'CSE', 'ACM', NULL, 'online', NULL, NULL),
	(1901, 'GridNets: Networks for Grid Applications', 'http://dl.acm.org/proceedings/gridnets/', 'CSE', 'ACM', NULL, 'online', NULL, NULL),
	(1902, 'HAS: Haptic User Interfaces in Ambient Media Systems', 'http://dl.acm.org/proceedings/has/', 'CSE', 'ACM', NULL, 'online', NULL, NULL),
	(1903, 'HCC: Human-Centered Computing', 'http://dl.acm.org/proceedings/hcc/', 'CSE', 'ACM', NULL, 'online', NULL, NULL),
	(1904, 'HCM: Human-Centered Multimedia', 'http://dl.acm.org/proceedings/hcm/', 'CSE', 'ACM', NULL, 'online', NULL, NULL),
	(1905, 'HCOMP: Human Computation', 'http://dl.acm.org/proceedings/hcomp/', 'CSE', 'ACM', NULL, 'online', NULL, NULL),
	(1906, 'HDP: Hardcopy Document Processing', 'http://dl.acm.org/proceedings/hdp/', 'CSE', 'ACM', NULL, 'online', NULL, NULL),
	(1907, 'HIKM: Healthcare Information and Knowledge Management', 'http://dl.acm.org/proceedings/hikm/', 'CSE', 'ACM', NULL, 'online', NULL, NULL),
	(1908, 'HLLCA: High-Level-Language Computer Architecture', 'http://dl.acm.org/proceedings/hllca/', 'CSE', 'ACM', NULL, 'online', NULL, NULL),
	(1909, 'HLPP: High-level parallel programming and applications', 'http://dl.acm.org/proceedings/hlpp/', 'CSE', 'ACM', NULL, 'online', NULL, NULL),
	(1910, 'HOPL: History of Programming Languages', 'http://dl.acm.org/proceedings/hopl/', 'CSE', 'ACM', NULL, 'online', NULL, NULL),
	(1911, 'HPCVirt: System-level Virtualization for High Performance Computing', 'http://dl.acm.org/proceedings/hpcvirt/', 'CSE', 'ACM', NULL, 'online', NULL, NULL),
	(1912, 'HPDC: High Performance Distributed Computing', 'http://dl.acm.org/proceedings/hpdc/', 'CSE', 'ACM', NULL, 'online', NULL, NULL),
	(1913, 'HPDGIS: High Performance and Distributed Geographic Information Systems', 'http://dl.acm.org/proceedings/hpdgis/', 'CSE', 'ACM', NULL, 'online', NULL, NULL),
	(1914, 'HPG: High Perfomance Graphics', 'http://dl.acm.org/proceedings/hpg/', 'CSE', 'ACM', NULL, 'online', NULL, NULL),
	(1915, 'HPRCTA: High-Performance Reconfigurable Computing Technology and Applications', 'http://dl.acm.org/proceedings/hprcta/', 'CSE', 'ACM', NULL, 'online', NULL, NULL),
	(1916, 'HPW: History of Personal Workstations', 'http://dl.acm.org/proceedings/hpw/', 'CSE', 'ACM', NULL, 'online', NULL, NULL),
	(1917, 'HRI: Human-Robot Interaction', 'http://dl.acm.org/proceedings/hri/', 'CSE', 'ACM', NULL, 'online', NULL, NULL),
	(1918, 'HSCC: Hybrid Systems: Computation and Control', 'http://dl.acm.org/proceedings/hscc/', 'CSE', 'ACM', NULL, 'online', NULL, NULL),
	(1919, 'HSNC: History of Scientific and Numeric Computation', 'http://dl.acm.org/proceedings/hsnc/', 'CSE', 'ACM', NULL, 'online', NULL, NULL),
	(1920, 'HSSE: Human and Social Factors of Software Engineering', 'http://dl.acm.org/proceedings/hsse/', 'CSE', 'ACM', NULL, 'online', NULL, NULL),
	(1921, 'HT: Hypertext and hypermedia', 'http://dl.acm.org/proceedings/ht/', 'CSE', 'ACM', NULL, 'online', NULL, NULL),
	(1922, 'Haskell: Haskell', 'http://dl.acm.org/proceedings/haskell/', 'CSE', 'ACM', NULL, 'online', NULL, NULL),
	(1923, 'HealthNet: Networking Support for Health Care and Assisted Living Environments', 'http://dl.acm.org/proceedings/healthnet/', 'CSE', 'ACM', NULL, 'online', NULL, NULL),
	(1924, 'HetRec: Information Heterogeneity and Fusion in Recommender Systems', 'http://dl.acm.org/proceedings/hetrec/', 'CSE', 'ACM', NULL, 'online', NULL, NULL),
	(1925, 'HeterSanet: Heterogeneous Sensor and Actor Networks', 'http://dl.acm.org/proceedings/hetersanet/', 'CSE', 'ACM', NULL, 'online', NULL, NULL),
	(1926, 'HiPC: High Performance Computing', 'http://dl.acm.org/proceedings/hipc/', 'CSE', 'ACM', NULL, 'online', NULL, NULL),
	(1927, 'HomeNets: Home Networks', 'http://dl.acm.org/proceedings/homenets/', 'CSE', 'ACM', NULL, 'online', NULL, NULL),
	(1928, 'HotMobile: Mobile Computing Systems and Applications', 'http://dl.acm.org/proceedings/hotmobile/', 'CSE', 'ACM', NULL, 'online', NULL, NULL),
	(1929, 'HotPlanet: Hot Topics of Planet-Scale Mobility Measurements', 'http://dl.acm.org/proceedings/hotplanet/', 'CSE', 'ACM', NULL, 'online', NULL, NULL),
	(1930, 'HotSWUp: Hot Topics in Software Upgrades', 'http://dl.acm.org/proceedings/hotswup/', 'CSE', 'ACM', NULL, 'online', NULL, NULL),
	(1931, 'Hotnets: Hot Topics in Networks', 'http://dl.acm.org/proceedings/hotnets/', 'CSE', 'ACM', NULL, 'online', NULL, NULL),
	(1932, 'HuCom: Human Factors and Computational Models in Negotiation', 'http://dl.acm.org/proceedings/hucom/', 'CSE', 'ACM', NULL, 'online', NULL, NULL),
	(1933, 'I-SEMANTICS: Semantic Systems', 'http://dl.acm.org/proceedings/i-semantics/', 'CSE', 'ACM', NULL, 'online', NULL, NULL),
	(1934, 'I3D: Interactive 3D Graphics and Games', 'http://dl.acm.org/proceedings/i3d/', 'CSE', 'ACM', NULL, 'online', NULL, NULL),
	(1935, 'IAT: Intelligent Agent Technology', 'http://dl.acm.org/proceedings/iat/', 'CSE', 'ACM', NULL, 'online', NULL, NULL),
	(1936, 'ICAC3: Advances in Computing, Communication and Control', 'http://dl.acm.org/proceedings/icac3/', 'CSE', 'ACM', NULL, 'online', NULL, NULL),
	(1937, 'ICAC: Autonomic Computing', 'http://dl.acm.org/proceedings/icac/', 'CSE', 'ACM', NULL, 'online', NULL, NULL),
	(1938, 'ICAIL: International Conference on Artificial Intelligence and Law', 'http://dl.acm.org/proceedings/icail/', 'CSE', 'ACM', NULL, 'online', NULL, NULL),
	(1939, 'ICAIT: Advanced Infocomm Technology', 'http://dl.acm.org/proceedings/icait/', 'CSE', 'ACM', NULL, 'online', NULL, NULL),
	(1940, 'ICAT: Augmented Tele-existence', 'http://dl.acm.org/proceedings/icat/', 'CSE', 'ACM', NULL, 'online', NULL, NULL),
	(1941, 'ICCAD: International Conference on Computer-Aided Design', 'http://dl.acm.org/proceedings/iccad/', 'CSE', 'ACM', NULL, 'online', NULL, NULL),
	(1942, 'ICCPS: Cyber-Physical Systems', 'http://dl.acm.org/proceedings/iccps/', 'CSE', 'ACM', NULL, 'online', NULL, NULL),
	(1943, 'ICDL: International Conference on Dynamic Languages', 'http://dl.acm.org/proceedings/icdl/', 'CSE', 'ACM', NULL, 'online', NULL, NULL),
	(1944, 'ICDSC: Distributed Smart Cameras', 'http://dl.acm.org/proceedings/icdsc/', 'CSE', 'ACM', NULL, 'online', NULL, NULL),
	(1945, 'ICDT: Database Theory', 'http://dl.acm.org/proceedings/icdt/', 'CSE', 'ACM', NULL, 'online', NULL, NULL),
	(1946, 'ICE: Information and Computation Economies', 'http://dl.acm.org/proceedings/ice/', 'CSE', 'ACM', NULL, 'online', NULL, NULL),
	(1947, 'ICEC: International Conference on Electronic Commerce', 'http://dl.acm.org/proceedings/icec/', 'CSE', 'ACM', NULL, 'online', NULL, NULL),
	(1948, 'ICEGOV: International Conference on Theory and Practice of Electronic Governance', 'http://dl.acm.org/proceedings/icegov/', 'CSE', 'ACM', NULL, 'online', NULL, NULL),
	(1949, 'ICER: International Computing Education Research Workshop', 'http://dl.acm.org/proceedings/icer/', 'CSE', 'ACM', NULL, 'online', NULL, NULL),
	(1950, 'ICFP: International Conference on Functional Programmuing', 'http://dl.acm.org/proceedings/icfp/', 'CSE', 'ACM', NULL, 'online', NULL, NULL),
	(1951, 'ICHIT: International Conference on Hybrid Information Technology', 'http://dl.acm.org/proceedings/ichit/', 'CSE', 'ACM', NULL, 'online', NULL, NULL),
	(1952, 'ICIC: Intercultural Collaboration', 'http://dl.acm.org/proceedings/icic/', 'CSE', 'ACM', NULL, 'online', NULL, NULL),
	(1953, 'ICIMCS: Internet Multimedia Computing and Service', 'http://dl.acm.org/proceedings/icimcs/', 'CSE', 'ACM', NULL, 'online', NULL, NULL),
	(1954, 'ICIS: International Conference on Computer and Information Science', 'http://dl.acm.org/proceedings/icis/', 'CSE', 'ACM', NULL, 'online', NULL, NULL),
	(1955, 'ICMI: International Conference on Multimodal Interfaces', 'http://dl.acm.org/proceedings/icmi/', 'CSE', 'ACM', NULL, 'online', NULL, NULL),
	(1956, 'ICML: International Conference on Machine Learning', 'http://dl.acm.org/proceedings/icml/', 'CSE', 'ACM', NULL, 'online', NULL, NULL),
	(1957, 'ICOOOLPS: Implementation, Compilation, Optimization of Object-Oriented Languages and Programming Systems', 'http://dl.acm.org/proceedings/icooolps/', 'CSE', 'ACM', NULL, 'online', NULL, NULL),
	(1958, 'ICPS: Pervasive Services', 'http://dl.acm.org/proceedings/icps/', 'CSE', 'ACM', NULL, 'online', NULL, NULL),
	(1959, 'ICPW: International Conference on Pragmatic Web', 'http://dl.acm.org/proceedings/icpw/', 'CSE', 'ACM', NULL, 'online', NULL, NULL),
	(1960, 'ICS: International Conference on Supercomputing', 'http://dl.acm.org/proceedings/ics/', 'CSE', 'ACM', NULL, 'online', NULL, NULL),
	(1961, 'ICSE: International Conference on Software Engineering', 'http://dl.acm.org/proceedings/icse/', 'CSE', 'ACM', NULL, 'online', NULL, NULL),
	(1962, 'ICSOC: International Conference on Service Oriented Computing', 'http://dl.acm.org/proceedings/icsoc/', 'CSE', 'ACM', NULL, 'online', NULL, NULL),
	(1963, 'ICTD: Information and Communication Technologies and Development', 'http://dl.acm.org/proceedings/ictd/', 'CSE', 'ACM', NULL, 'online', NULL, NULL),
	(1964, 'ICUIMC: International Conference on Ubiquitous Information Management and Communication', 'http://dl.acm.org/proceedings/icuimc/', 'CSE', 'ACM', NULL, 'online', NULL, NULL),
	(1965, 'ICVGIP: Indian Conference on Computer Vision, Graphics and Image Processing', 'http://dl.acm.org/proceedings/icvgip/', 'CSE', 'ACM', NULL, 'online', NULL, NULL),
	(1966, 'ICWE: Web Engineering', 'http://dl.acm.org/proceedings/icwe/', 'CSE', 'ACM', NULL, 'online', NULL, NULL),
	(1967, 'ICWET: Workshop on Emerging Trends in Technology', 'http://dl.acm.org/proceedings/icwet/', 'CSE', 'ACM', NULL, 'online', NULL, NULL),
	(1968, 'IDAR: Innovative Database Research', 'http://dl.acm.org/proceedings/idar/', 'CSE', 'ACM', NULL, 'online', NULL, NULL),
	(1969, 'IDC: Interaction Design and Children', 'http://dl.acm.org/proceedings/idc/', 'CSE', 'ACM', NULL, 'online', NULL, NULL),
	(1970, 'IDEAS: International Database Engineering &#38; Applications Symposium', 'http://dl.acm.org/proceedings/ideas/', 'CSE', 'ACM', NULL, 'online', NULL, NULL),
	(1971, 'IDL: Interface Definition Languages', 'http://dl.acm.org/proceedings/idl/', 'CSE', 'ACM', NULL, 'online', NULL, NULL),
	(1972, 'IDTRUST: Identity and Trust on the Internet', 'http://dl.acm.org/proceedings/idtrust/', 'CSE', 'ACM', NULL, 'online', NULL, NULL),
	(1973, 'IE: Interactive Entertainment', 'http://dl.acm.org/proceedings/ie/', 'CSE', 'ACM', NULL, 'online', NULL, NULL),
	(1974, 'IEA/AIE: Industrial and Engineering Applications of Artificial Intelligence and Expert Systems', 'http://dl.acm.org/proceedings/iea/aie/', 'CSE', 'ACM', NULL, 'online', NULL, NULL),
	(1975, 'IFMT: Next-Generation Multicore/Manycore Technologies', 'http://dl.acm.org/proceedings/ifmt/', 'CSE', 'ACM', NULL, 'online', NULL, NULL),
	(1976, 'IH&MMSec: Multimedia and Security', 'http://dl.acm.org/proceedings/mmsec/', 'CSE', 'ACM', NULL, 'online', NULL, NULL),
	(1977, 'IHC: Brazilian Symposium on Human Factors in Computing Systems', 'http://dl.acm.org/proceedings/ihc/', 'CSE', 'ACM', NULL, 'online', NULL, NULL),
	(1978, 'IHI: International Health Informatics Symposium', 'http://dl.acm.org/proceedings/ihi/', 'CSE', 'ACM', NULL, 'online', NULL, NULL),
	(1979, 'IHIS: Interoperability of Heterogeneous Information Systems', 'http://dl.acm.org/proceedings/ihis/', 'CSE', 'ACM', NULL, 'online', NULL, NULL),
	(1980, 'IHM: International Conference on Association Francophone d\'Interaction Homme-Machine', 'http://dl.acm.org/proceedings/ihm/', 'CSE', 'ACM', NULL, 'online', NULL, NULL),
	(1981, 'IIES: Isolation and Integration in Embedded Systems', 'http://dl.acm.org/proceedings/iies/', 'CSE', 'ACM', NULL, 'online', NULL, NULL),
	(1982, 'IIiX: Information Interaction in Context', 'http://dl.acm.org/proceedings/iiix/', 'CSE', 'ACM', NULL, 'online', NULL, NULL),
	(1983, 'ILC: International Lisp Conference', 'http://dl.acm.org/proceedings/ilc/', 'CSE', 'ACM', NULL, 'online', NULL, NULL),
	(1984, 'IMC: Internet Measurement Conference', 'http://dl.acm.org/proceedings/imc/', 'CSE', 'ACM', NULL, 'online', NULL, NULL),
	(1985, 'IMCE: Interactive Multimedia for Consumer Electronics', 'http://dl.acm.org/proceedings/imce/', 'CSE', 'ACM', NULL, 'online', NULL, NULL),
	(1986, 'IMW: Internet Measurement Workshop', 'http://dl.acm.org/proceedings/imw/', 'CSE', 'ACM', NULL, 'online', NULL, NULL),
	(1987, 'INA-OCMC: Interconnection Network Architecture: On-Chip, Multi-Chip', 'http://dl.acm.org/proceedings/ina-ocmc/', 'CSE', 'ACM', NULL, 'online', NULL, NULL),
	(1988, 'INM: Internet Network Management', 'http://dl.acm.org/proceedings/inm/', 'CSE', 'ACM', NULL, 'online', NULL, NULL),
	(1989, 'INT3: Intelligent Narrative Technologies', 'http://dl.acm.org/proceedings/int3/', 'CSE', 'ACM', NULL, 'online', NULL, NULL),
	(1990, 'INTERACT: Interaction between Compilers and Computer Architecture', 'http://dl.acm.org/proceedings/interact/', 'CSE', 'ACM', NULL, 'online', NULL, NULL),
	(1991, 'INTETAIN: Intelligent Technologies for Interactive Entertainment', 'http://dl.acm.org/proceedings/intetain/', 'CSE', 'ACM', NULL, 'online', NULL, NULL),
	(1992, 'IOPADS: I/O in Parallel and Distributed Systems', 'http://dl.acm.org/proceedings/iopads/', 'CSE', 'ACM', NULL, 'online', NULL, NULL),
	(1993, 'IPSN: Information Processing in Sensor Networks', 'http://dl.acm.org/proceedings/ipsn/', 'CSE', 'ACM', NULL, 'online', NULL, NULL),
	(1994, 'IPT/EDT: Immersive Projection technologies/Emerging Display Technologies', 'http://dl.acm.org/proceedings/ipt/edt/', 'CSE', 'ACM', NULL, 'online', NULL, NULL),
	(1995, 'IPTComm: Principles, Systems and Applications of IP Telecommunications', 'http://dl.acm.org/proceedings/iptcomm/', 'CSE', 'ACM', NULL, 'online', NULL, NULL),
	(1996, 'IQIS: Information Quality in Information Systems', 'http://dl.acm.org/proceedings/iqis/', 'CSE', 'ACM', NULL, 'online', NULL, NULL),
	(1997, 'IR: Intermediate Representations', 'http://dl.acm.org/proceedings/ir/', 'CSE', 'ACM', NULL, 'online', NULL, NULL),
	(1998, 'IRAL: Information Retrieval with Asian Languages', 'http://dl.acm.org/proceedings/iral/', 'CSE', 'ACM', NULL, 'online', NULL, NULL),
	(1999, 'IRE-ACM-AIEE: IRE-ACM-AIEE', 'http://dl.acm.org/proceedings/ire-acm-aiee/', 'CSE', 'ACM', NULL, 'online', NULL, NULL),
	(2000, 'IRTAW: Real-Time Ada', 'http://dl.acm.org/proceedings/irtaw/', 'CSE', 'ACM', NULL, 'online', NULL, NULL),
	(2001, 'IS: Guidelines for undergraduate degree programs on Model curriculum and guidelines for undergraduate degree programs in information systems', 'http://dl.acm.org/proceedings/is/', 'CSE', 'ACM', NULL, 'online', NULL, NULL),
	(2002, 'ISA: Indoor Spatial Awareness', 'http://dl.acm.org/proceedings/isa/', 'CSE', 'ACM', NULL, 'online', NULL, NULL),
	(2003, 'ISAW: Software Architecture Workshop', 'http://dl.acm.org/proceedings/isaw/', 'CSE', 'ACM', NULL, 'online', NULL, NULL),
	(2004, 'ISB: International Symposium on Biocomputing', 'http://dl.acm.org/proceedings/isb/', 'CSE', 'ACM', NULL, 'online', NULL, NULL),
	(2005, 'ISCA: International Symposium on Computer Architecture', 'http://dl.acm.org/proceedings/isca/', 'CSE', 'ACM', NULL, 'online', NULL, NULL),
	(2006, 'ISEC: India Software Engineering Conference', 'http://dl.acm.org/proceedings/isec/', 'CSE', 'ACM', NULL, 'online', NULL, NULL),
	(2007, 'ISESE: International Symposium on Empirical Software Engineering', 'http://dl.acm.org/proceedings/isese/', 'CSE', 'ACM', NULL, 'online', NULL, NULL),
	(2008, 'ISLPED: International Symposium on Low Power Electronic Design', 'http://dl.acm.org/proceedings/islped/', 'CSE', 'ACM', NULL, 'online', NULL, NULL),
	(2009, 'ISMAR: Mixed and Augmented Reality', 'http://dl.acm.org/proceedings/ismar/', 'CSE', 'ACM', NULL, 'online', NULL, NULL),
	(2010, 'ISMIS: International Symposium on Methodologies for Intelligent Systems', 'http://dl.acm.org/proceedings/ismis/', 'CSE', 'ACM', NULL, 'online', NULL, NULL),
	(2011, 'ISMM: Memory Management', 'http://dl.acm.org/proceedings/ismm/', 'CSE', 'ACM', NULL, 'online', NULL, NULL),
	(2012, 'ISPA: Parallel and Distributed Processing and Applications', 'http://dl.acm.org/proceedings/ispa/', 'CSE', 'ACM', NULL, 'online', NULL, NULL),
	(2013, 'ISPD: Physical Design', 'http://dl.acm.org/proceedings/ispd/', 'CSE', 'ACM', NULL, 'online', NULL, NULL),
	(2014, 'ISPW: International Software Process Workshop', 'http://dl.acm.org/proceedings/ispw/', 'CSE', 'ACM', NULL, 'online', NULL, NULL),
	(2015, 'ISQED: Quality Electronic Design', 'http://dl.acm.org/proceedings/isqed/', 'CSE', 'ACM', NULL, 'online', NULL, NULL),
	(2016, 'ISSAC: International Symposium of Symbolic and Algebraic Computation', 'http://dl.acm.org/proceedings/issac/', 'CSE', 'ACM', NULL, 'online', NULL, NULL),
	(2017, 'ISSS: International Symposium on System Synthesis', 'http://dl.acm.org/proceedings/isss/', 'CSE', 'ACM', NULL, 'online', NULL, NULL),
	(2018, 'ISSTA: International Symposium on Software Testing and Analysis', 'http://dl.acm.org/proceedings/issta/', 'CSE', 'ACM', NULL, 'online', NULL, NULL),
	(2019, 'ISTA: Information Science, Technology and Applications', 'http://dl.acm.org/proceedings/ista/', 'CSE', 'ACM', NULL, 'online', NULL, NULL),
	(2020, 'ISWSA: Intelligent Semantic Web &mdash; Services and Applications', 'http://dl.acm.org/proceedings/iswsa/', 'CSE', 'ACM', NULL, 'online', NULL, NULL),
	(2021, 'ITS: Interactive Tabletops and Surfaces', 'http://dl.acm.org/proceedings/its/', 'CSE', 'ACM', NULL, 'online', NULL, NULL),
	(2022, 'ITiCSE: Innovation and Technology in Computer Science Education', 'http://dl.acm.org/proceedings/iticse/', 'CSE', 'ACM', NULL, 'online', NULL, NULL),
	(2023, 'IUCS: International Universal Communication Symposium', 'http://dl.acm.org/proceedings/iucs/', 'CSE', 'ACM', NULL, 'online', NULL, NULL),
	(2024, 'IUI: Intelligent User Interfaces', 'http://dl.acm.org/proceedings/iui/', 'CSE', 'ACM', NULL, 'online', NULL, NULL),
	(2025, 'IVME: Interpreters, Virtual Machines and Emulators', 'http://dl.acm.org/proceedings/ivme/', 'CSE', 'ACM', NULL, 'online', NULL, NULL),
	(2026, 'IW-SOSWE: Service Oriented Software Engineering', 'http://dl.acm.org/proceedings/iw-soswe/', 'CSE', 'ACM', NULL, 'online', NULL, NULL),
	(2027, 'IWAAPF: Application and Advances of Problem Frames', 'http://dl.acm.org/proceedings/iwaapf/', 'CSE', 'ACM', NULL, 'online', NULL, NULL),
	(2028, 'IWACO: International Workshop on Aliasing, Confinement and Ownership in Object-Oriented Programming', 'http://dl.acm.org/proceedings/iwaco/', 'CSE', 'ACM', NULL, 'online', NULL, NULL),
	(2029, 'IWCMC: International Wireless Communications and Mobile Computing Conference', 'http://dl.acm.org/proceedings/iwcmc/', 'CSE', 'ACM', NULL, 'online', NULL, NULL),
	(2030, 'IWCTS: Computational Transportation Science', 'http://dl.acm.org/proceedings/iwcts/', 'CSE', 'ACM', NULL, 'online', NULL, NULL),
	(2031, 'IWDE: Digital Engineering', 'http://dl.acm.org/proceedings/iwde/', 'CSE', 'ACM', NULL, 'online', NULL, NULL),
	(2032, 'IWGS: International Workshop on GeoStreaming', 'http://dl.acm.org/proceedings/iwgs/', 'CSE', 'ACM', NULL, 'online', NULL, NULL),
	(2033, 'IWIC: Intercultural Collaboration', 'http://dl.acm.org/proceedings/iwic/', 'CSE', 'ACM', NULL, 'online', NULL, NULL),
	(2034, 'IWICSS: Incorporating COTS Software into Software Systems', 'http://dl.acm.org/proceedings/iwicss/', 'CSE', 'ACM', NULL, 'online', NULL, NULL),
	(2035, 'IWMCP: Model Comparison in Practice', 'http://dl.acm.org/proceedings/iwmcp/', 'CSE', 'ACM', NULL, 'online', NULL, NULL),
	(2036, 'IWMSE: Multicore Software Engineering', 'http://dl.acm.org/proceedings/iwmse/', 'CSE', 'ACM', NULL, 'online', NULL, NULL),
	(2037, 'IWOCE: Open Component EcoSystems', 'http://dl.acm.org/proceedings/iwoce/', 'CSE', 'ACM', NULL, 'online', NULL, NULL),
	(2038, 'IWPSE-EVOL: Software Evolution and Principles of Software Evolution', 'http://dl.acm.org/proceedings/iwpse-evol/', 'CSE', 'ACM', NULL, 'online', NULL, NULL),
	(2039, 'IWPSE: Principles of Software Evolution', 'http://dl.acm.org/proceedings/iwpse/', 'CSE', 'ACM', NULL, 'online', NULL, NULL),
	(2040, 'IWQoS: Quality of Service', 'http://dl.acm.org/proceedings/iwqos/', 'CSE', 'ACM', NULL, 'online', NULL, NULL),
	(2041, 'IWRIDL: Research Issues in Digital Libraries', 'http://dl.acm.org/proceedings/iwridl/', 'CSE', 'ACM', NULL, 'online', NULL, NULL),
	(2042, 'IWSC: Software Clones', 'http://dl.acm.org/proceedings/iwsc/', 'CSE', 'ACM', NULL, 'online', NULL, NULL),
	(2043, 'IWSESS: Software Engineering for Secure Systems', 'http://dl.acm.org/proceedings/iwsess/', 'CSE', 'ACM', NULL, 'online', NULL, NULL),
	(2044, 'IWSSD: International Workshop on Software Specification and Design', 'http://dl.acm.org/proceedings/iwssd/', 'CSE', 'ACM', NULL, 'online', NULL, NULL),
	(2045, 'IWST: Smalltalk Technologies', 'http://dl.acm.org/proceedings/iwst/', 'CSE', 'ACM', NULL, 'online', NULL, NULL),
	(2046, 'IWSTI: Satellite/Terrestrial Interworking', 'http://dl.acm.org/proceedings/iwsti/', 'CSE', 'ACM', NULL, 'online', NULL, NULL),
	(2047, 'IWVS: Video Surveillance', 'http://dl.acm.org/proceedings/iwvs/', 'CSE', 'ACM', NULL, 'online', NULL, NULL),
	(2048, 'InfoScale: Scalable Information Systems', 'http://dl.acm.org/proceedings/infoscale/', 'CSE', 'ACM', NULL, 'online', NULL, NULL),
	(2049, 'InfoSecCD: Information Security Curriculum Development', 'http://dl.acm.org/proceedings/infoseccd/', 'CSE', 'ACM', NULL, 'online', NULL, NULL),
	(2050, 'InfoSecu: Information Security', 'http://dl.acm.org/proceedings/infosecu/', 'CSE', 'ACM', NULL, 'online', NULL, NULL),
	(2051, 'Insider Threats: Insider Threats', 'http://dl.acm.org/proceedings/insiderthreats/', 'CSE', 'ACM', NULL, 'online', NULL, NULL),
	(2052, 'InterSense: Integrated Internet Ad Hoc and Sensor Networks', 'http://dl.acm.org/proceedings/intersense/', 'CSE', 'ACM', NULL, 'online', NULL, NULL),
	(2053, 'Internetware: Internetware', 'http://dl.acm.org/proceedings/internetware/', 'CSE', 'ACM', NULL, 'online', NULL, NULL),
	(2054, 'Interperf: Interdisciplinary Systems Approach in Performance Evaluation and Design of Computer & Communications Systems', 'http://dl.acm.org/proceedings/interperf/', 'CSE', 'ACM', NULL, 'online', NULL, NULL),
	(2055, 'JAVA: Java Grande', 'http://dl.acm.org/proceedings/java/', 'CSE', 'ACM', NULL, 'online', NULL, NULL),
	(2056, 'JCDL: Joint Conference on Digital Libraries', 'http://dl.acm.org/proceedings/jcdl/', 'CSE', 'ACM', NULL, 'online', NULL, NULL),
	(2057, 'JGI: ACM-ISCOPE conference on Java Grande', 'http://dl.acm.org/proceedings/jgi/', 'CSE', 'ACM', NULL, 'online', NULL, NULL),
	(2058, 'JTRES: Java Technologies for Real-Time and Embedded Systems', 'http://dl.acm.org/proceedings/jtres/', 'CSE', 'ACM', NULL, 'online', NULL, NULL),
	(2059, 'K-CAP: Knowledge Capture', 'http://dl.acm.org/proceedings/k-cap/', 'CSE', 'ACM', NULL, 'online', NULL, NULL),
	(2060, 'KDD: Knowledge Discovery and Data Mining', 'http://dl.acm.org/proceedings/kdd/', 'CSE', 'ACM', NULL, 'online', NULL, NULL),
	(2061, 'KEYS: Keyword Search on Structured Data', 'http://dl.acm.org/proceedings/keys/', 'CSE', 'ACM', NULL, 'online', NULL, NULL),
	(2062, 'Koli Calling: Koli Calling International Conference on Computing Education Research', 'http://dl.acm.org/proceedings/kolicalling/', 'CSE', 'ACM', NULL, 'online', NULL, NULL),
	(2063, 'Koli: Computing Education Research', 'http://dl.acm.org/proceedings/koli/', 'CSE', 'ACM', NULL, 'online', NULL, NULL),
	(2064, 'LADIS: Large-Scale Distributed Systems and Middleware', 'http://dl.acm.org/proceedings/ladis/', 'CSE', 'ACM', NULL, 'online', NULL, NULL),
	(2065, 'LANC: Latin American Networking Conference', 'http://dl.acm.org/proceedings/lanc/', 'CSE', 'ACM', NULL, 'online', NULL, NULL),
	(2066, 'LATE: Linking Aspect Technology and Evolution', 'http://dl.acm.org/proceedings/late/', 'CSE', 'ACM', NULL, 'online', NULL, NULL),
	(2067, 'LBSN: Location Based Social Networks', 'http://dl.acm.org/proceedings/lbsn/', 'CSE', 'ACM', NULL, 'online', NULL, NULL),
	(2068, 'LCR: Languages, Compilers, and Run-time Support for Scalable Systems', 'http://dl.acm.org/proceedings/lcr/', 'CSE', 'ACM', NULL, 'online', NULL, NULL),
	(2069, 'LCSD: Library-Centric Software Design', 'http://dl.acm.org/proceedings/lcsd/', 'CSE', 'ACM', NULL, 'online', NULL, NULL),
	(2070, 'LCTES: Languages, Compilers, and Tools for Embedded Systems', 'http://dl.acm.org/proceedings/lctes/', 'CSE', 'ACM', NULL, 'online', NULL, NULL),
	(2071, 'LDTA: Language Descriptions, Tools and Applications', 'http://dl.acm.org/proceedings/ldta/', 'CSE', 'ACM', NULL, 'online', NULL, NULL),
	(2072, 'LFMTP: Logical Frameworks and Meta-Languages', 'http://dl.acm.org/proceedings/lfmtp/', 'CSE', 'ACM', NULL, 'online', NULL, NULL),
	(2073, 'LFP: LISP and Functional Programming', 'http://dl.acm.org/proceedings/lfp/', 'CSE', 'ACM', NULL, 'online', NULL, NULL),
	(2074, 'LISP: Celebrating the 50th Anniversary of Lisp', 'http://dl.acm.org/proceedings/lisp/', 'CSE', 'ACM', NULL, 'online', NULL, NULL),
	(2075, 'LMSA: Leadership and Management in Software Architecture', 'http://dl.acm.org/proceedings/lmsa/', 'CSE', 'ACM', NULL, 'online', NULL, NULL),
	(2076, 'LOCWEB: Location and the Web', 'http://dl.acm.org/proceedings/locweb/', 'CSE', 'ACM', NULL, 'online', NULL, NULL),
	(2077, 'LS-MMRM: Large-Scale Multimedia Retrieval and Mining', 'http://dl.acm.org/proceedings/ls-mmrm/', 'CSE', 'ACM', NULL, 'online', NULL, NULL),
	(2078, 'LSAD: Large-Scale Attack Defense', 'http://dl.acm.org/proceedings/lsad/', 'CSE', 'ACM', NULL, 'online', NULL, NULL),
	(2079, 'LSAP: Large-scale System and Application Performance', 'http://dl.acm.org/proceedings/lsap/', 'CSE', 'ACM', NULL, 'online', NULL, NULL),
	(2080, 'LSDS-IR: Large-Scale Distributed Systems for Information Retrieval', 'http://dl.acm.org/proceedings/lsds-ir/', 'CSE', 'ACM', NULL, 'online', NULL, NULL),
	(2081, 'LUV: LISP Users and Vendors', 'http://dl.acm.org/proceedings/luv/', 'CSE', 'ACM', NULL, 'online', NULL, NULL),
	(2082, 'LinkKDD: Link Discovery', 'http://dl.acm.org/proceedings/linkkdd/', 'CSE', 'ACM', NULL, 'online', NULL, NULL),
	(2083, 'M-MPAC: Middleware for Pervasive Mobile and Embedded Computing', 'http://dl.acm.org/proceedings/m-mpac/', 'CSE', 'ACM', NULL, 'online', NULL, NULL),
	(2084, 'MACS: Modeling and Analysis of Concerns in Software', 'http://dl.acm.org/proceedings/macs/', 'CSE', 'ACM', NULL, 'online', NULL, NULL),
	(2085, 'MAI: Middleware Application Interaction', 'http://dl.acm.org/proceedings/mai/', 'CSE', 'ACM', NULL, 'online', NULL, NULL),
	(2086, 'MASPEGHI: MechAnisms for SPEcialization, Generalization and inHerItance', 'http://dl.acm.org/proceedings/maspeghi/', 'CSE', 'ACM', NULL, 'online', NULL, NULL),
	(2087, 'MAW: Memory Access on Future Processors', 'http://dl.acm.org/proceedings/maw/', 'CSE', 'ACM', NULL, 'online', NULL, NULL),
	(2088, 'MB: Methods and Techniques in Behavioral Research', 'http://dl.acm.org/proceedings/mb/', 'CSE', 'ACM', NULL, 'online', NULL, NULL),
	(2089, 'MC: Middleware Companion', 'http://dl.acm.org/proceedings/mc/', 'CSE', 'ACM', NULL, 'online', NULL, NULL),
	(2090, 'MCMC: Mobile Cloud Media Computing', 'http://dl.acm.org/proceedings/mcmc/', 'CSE', 'ACM', NULL, 'online', NULL, NULL),
	(2091, 'MCPS: Contents Proctection and Security', 'http://dl.acm.org/proceedings/mcps/', 'CSE', 'ACM', NULL, 'online', NULL, NULL),
	(2092, 'MCS: Mobile Cloud Computing and Services', 'http://dl.acm.org/proceedings/mcs/', 'CSE', 'ACM', NULL, 'online', NULL, NULL),
	(2093, 'MD: Massive Datasets', 'http://dl.acm.org/proceedings/md/', 'CSE', 'ACM', NULL, 'online', NULL, NULL),
	(2094, 'MDAC: Massive Data Analytics on the Cloud', 'http://dl.acm.org/proceedings/mdac/', 'CSE', 'ACM', NULL, 'online', NULL, NULL),
	(2095, 'MDI: Model-Drive Interoperability', 'http://dl.acm.org/proceedings/mdi/', 'CSE', 'ACM', NULL, 'online', NULL, NULL),
	(2096, 'MDM: Mobile Data Management', 'http://dl.acm.org/proceedings/mdm/', 'CSE', 'ACM', NULL, 'online', NULL, NULL),
	(2097, 'MDMKDD: Multimedia Data Mining', 'http://dl.acm.org/proceedings/mdmkdd/', 'CSE', 'ACM', NULL, 'online', NULL, NULL),
	(2098, 'MDS: Middleware Doctoral Symposium', 'http://dl.acm.org/proceedings/mds/', 'CSE', 'ACM', NULL, 'online', NULL, NULL),
	(2099, 'MEDEA: Memory Performance: Dealing with Applications, Systems and Architecture', 'http://dl.acm.org/proceedings/medea/', 'CSE', 'ACM', NULL, 'online', NULL, NULL),
	(2100, 'MEDES: Management of Emergent Digital EcoSystems', 'http://dl.acm.org/proceedings/medes/', 'CSE', 'ACM', NULL, 'online', NULL, NULL),
	(2101, 'MELT: Mobile Entity Localization and Tracking in GPS-Less Environment', 'http://dl.acm.org/proceedings/melt/', 'CSE', 'ACM', NULL, 'online', NULL, NULL),
	(2102, 'MEMOCODE: Formal Methods and Models for Co-Design', 'http://dl.acm.org/proceedings/memocode/', 'CSE', 'ACM', NULL, 'online', NULL, NULL),
	(2103, 'MERLIN: Mechanized Reasoning about Languages with Variable Binding', 'http://dl.acm.org/proceedings/merlin/', 'CSE', 'ACM', NULL, 'online', NULL, NULL),
	(2104, 'MG: Mardi Gras Conference', 'http://dl.acm.org/proceedings/mg/', 'CSE', 'ACM', NULL, 'online', NULL, NULL),
	(2105, 'MGC: Middleware for Grids, Clouds and e-Science', 'http://dl.acm.org/proceedings/mgc/', 'CSE', 'ACM', NULL, 'online', NULL, NULL),
	(2106, 'MHC: Multimedia for Human Communication', 'http://dl.acm.org/proceedings/mhc/', 'CSE', 'ACM', NULL, 'online', NULL, NULL),
	(2107, 'MICNET: Mobile Internet Through Cellular Networks', 'http://dl.acm.org/proceedings/micnet/', 'CSE', 'ACM', NULL, 'online', NULL, NULL),
	(2108, 'MICRO: Microarchitecture', 'http://dl.acm.org/proceedings/micro/', 'CSE', 'ACM', NULL, 'online', NULL, NULL),
	(2109, 'MIIT: Model Inference In Testing', 'http://dl.acm.org/proceedings/miit/', 'CSE', 'ACM', NULL, 'online', NULL, NULL),
	(2110, 'MIR: Multimedia Information Retrieval', 'http://dl.acm.org/proceedings/mir/', 'CSE', 'ACM', NULL, 'online', NULL, NULL),
	(2111, 'MIS: Metainformatics', 'http://dl.acm.org/proceedings/mis/', 'CSE', 'ACM', NULL, 'online', NULL, NULL),
	(2112, 'MISE: Modeling in Software Engineering', 'http://dl.acm.org/proceedings/mise/', 'CSE', 'ACM', NULL, 'online', NULL, NULL),
	(2113, 'ML: ML', 'http://dl.acm.org/proceedings/ml/', 'CSE', 'ACM', NULL, 'online', NULL, NULL),
	(2114, 'MLG: Mining and Learning with Graphs', 'http://dl.acm.org/proceedings/mlg/', 'CSE', 'ACM', NULL, 'online', NULL, NULL),
	(2115, 'MLPA: Modules and Libraries for Proof Assistants', 'http://dl.acm.org/proceedings/mlpa/', 'CSE', 'ACM', NULL, 'online', NULL, NULL),
	(2116, 'MMDB: Multimedia Databases', 'http://dl.acm.org/proceedings/mmdb/', 'CSE', 'ACM', NULL, 'online', NULL, NULL),
	(2117, 'MML: Machine Learning and Music', 'http://dl.acm.org/proceedings/mml/', 'CSE', 'ACM', NULL, 'online', NULL, NULL),
	(2118, 'MMSys: Multimedia Systems', 'http://dl.acm.org/proceedings/mmsys/', 'CSE', 'ACM', NULL, 'online', NULL, NULL),
	(2119, 'MNCNA: Middleware for Next-Generation Converged Networks and Applications', 'http://dl.acm.org/proceedings/mncna/', 'CSE', 'ACM', NULL, 'online', NULL, NULL),
	(2120, 'MOBILWARE: Mobile Wireless Middleware, Operating Systems, and Applications', 'http://dl.acm.org/proceedings/mobilware/', 'CSE', 'ACM', NULL, 'online', NULL, NULL),
	(2121, 'MOCR: Multilingual OCR', 'http://dl.acm.org/proceedings/mocr/', 'CSE', 'ACM', NULL, 'online', NULL, NULL),
	(2122, 'MODDM: Model Driven Development for Middleware', 'http://dl.acm.org/proceedings/moddm/', 'CSE', 'ACM', NULL, 'online', NULL, NULL),
	(2123, 'MOMPES: Model-Based Methodologies for Pervasive and Embedded Software', 'http://dl.acm.org/proceedings/mompes/', 'CSE', 'ACM', NULL, 'online', NULL, NULL),
	(2124, 'MPAC: Middleware for Pervasive and Ad-Hoc Computing', 'http://dl.acm.org/proceedings/mpac/', 'CSE', 'ACM', NULL, 'online', NULL, NULL),
	(2125, 'MPEC: Models and Processes for the Evaluation of Off-the-Shelf Components', 'http://dl.acm.org/proceedings/mpec/', 'CSE', 'ACM', NULL, 'online', NULL, NULL),
	(2126, 'MPVA: Multimodal Pervasive Video Analysis', 'http://dl.acm.org/proceedings/mpva/', 'CSE', 'ACM', NULL, 'online', NULL, NULL),
	(2127, 'MRDM: Multi-Relational Mining', 'http://dl.acm.org/proceedings/mrdm/', 'CSE', 'ACM', NULL, 'online', NULL, NULL),
	(2128, 'MS: Multimedia Semantics', 'http://dl.acm.org/proceedings/ms/', 'CSE', 'ACM', NULL, 'online', NULL, NULL),
	(2129, 'MSC: Multimedia Service Composition', 'http://dl.acm.org/proceedings/msc/', 'CSE', 'ACM', NULL, 'online', NULL, NULL),
	(2130, 'MSFP: Mathematically Structured Functional Programming', 'http://dl.acm.org/proceedings/msfp/', 'CSE', 'ACM', NULL, 'online', NULL, NULL),
	(2131, 'MSIADU: Media Studies and Implementations that Help Improving Access to Disabled Users', 'http://dl.acm.org/proceedings/msiadu/', 'CSE', 'ACM', NULL, 'online', NULL, NULL),
	(2132, 'MSM: Modeling Social Media', 'http://dl.acm.org/proceedings/msm/', 'CSE', 'ACM', NULL, 'online', NULL, NULL),
	(2133, 'MSPC: Memory System Performance and Correctness', 'http://dl.acm.org/proceedings/mspc/', 'CSE', 'ACM', NULL, 'online', NULL, NULL),
	(2134, 'MSR: Mining Software Repositories', 'http://dl.acm.org/proceedings/msr/', 'CSE', 'ACM', NULL, 'online', NULL, NULL),
	(2135, 'MSWiM: Modeling, Analysis and Simulation of Wireless and Mobile Systems', 'http://dl.acm.org/proceedings/mswim/', 'CSE', 'ACM', NULL, 'online', NULL, NULL),
	(2136, 'MTAGS: Many-Task Computing on Grids and Supercomputers', 'http://dl.acm.org/proceedings/mtags/', 'CSE', 'ACM', NULL, 'online', NULL, NULL),
	(2137, 'MTDL: Multimedia Technologies for Distance Learning', 'http://dl.acm.org/proceedings/mtdl/', 'CSE', 'ACM', NULL, 'online', NULL, NULL),
	(2138, 'MUCS: Managing Ubiquitous Communications and Services', 'http://dl.acm.org/proceedings/mucs/', 'CSE', 'ACM', NULL, 'online', NULL, NULL),
	(2139, 'MULTIMEDIA: Multimedia', 'http://dl.acm.org/proceedings/multimedia/', 'CSE', 'ACM', NULL, 'online', NULL, NULL),
	(2140, 'MUM: Mobile and Ubiquitous Multimedia', 'http://dl.acm.org/proceedings/mum/', 'CSE', 'ACM', NULL, 'online', NULL, NULL),
	(2141, 'MV: Mobile Video', 'http://dl.acm.org/proceedings/mv/', 'CSE', 'ACM', NULL, 'online', NULL, NULL),
	(2142, 'MW: Multimedia Middleware', 'http://dl.acm.org/proceedings/mw/', 'CSE', 'ACM', NULL, 'online', NULL, NULL),
	(2143, 'MWSOC: Middleware for Service Oriented Computing', 'http://dl.acm.org/proceedings/mwsoc/', 'CSE', 'ACM', NULL, 'online', NULL, NULL),
	(2144, 'MetriSec: Security Measurements and Metrics', 'http://dl.acm.org/proceedings/metrisec/', 'CSE', 'ACM', NULL, 'online', NULL, NULL),
	(2145, 'MiFor: Multimedia in Forensics', 'http://dl.acm.org/proceedings/mifor/', 'CSE', 'ACM', NULL, 'online', NULL, NULL),
	(2146, 'MiNEMA: Middleware for Network Eccentric and Mobile Applications', 'http://dl.acm.org/proceedings/minema/', 'CSE', 'ACM', NULL, 'online', NULL, NULL),
	(2147, 'MiSE: Models in Software Engineering', 'http://dl.acm.org/proceedings/mise/', 'CSE', 'ACM', NULL, 'online', NULL, NULL),
	(2148, 'MidSec: Middleware Security', 'http://dl.acm.org/proceedings/midsec/', 'CSE', 'ACM', NULL, 'online', NULL, NULL),
	(2149, 'MidSens: Middleware Tools, Services and Run-Time Support for Sensor Networks', 'http://dl.acm.org/proceedings/midsens/', 'CSE', 'ACM', NULL, 'online', NULL, NULL),
	(2150, 'Middleware Industrial Track: Middleware Industrial Track', 'http://dl.acm.org/proceedings/middlewareindustrialtrack/', 'CSE', 'ACM', NULL, 'online', NULL, NULL),
	(2151, 'Middleware: Middleware', 'http://dl.acm.org/proceedings/middleware/', 'CSE', 'ACM', NULL, 'online', NULL, NULL),
	(2152, 'MindTrek: Entertainment and Media in the Ubiquitous Era', 'http://dl.acm.org/proceedings/mindtrek/', 'CSE', 'ACM', NULL, 'online', NULL, NULL),
	(2153, 'MineNet: Mining Network Data', 'http://dl.acm.org/proceedings/minenet/', 'CSE', 'ACM', NULL, 'online', NULL, NULL),
	(2154, 'MoDELS: Models in software engineering', 'http://dl.acm.org/proceedings/models/', 'CSE', 'ACM', NULL, 'online', NULL, NULL),
	(2155, 'MoDeVVa: Model-Driven Engineering, Verification and Validation', 'http://dl.acm.org/proceedings/modevva/', 'CSE', 'ACM', NULL, 'online', NULL, NULL),
	(2156, 'MoMM: Mobile Computing and Multimedia', 'http://dl.acm.org/proceedings/momm/', 'CSE', 'ACM', NULL, 'online', NULL, NULL),
	(2157, 'MoMeTools: Models, Methods and Tools for Reproducible Network Research', 'http://dl.acm.org/proceedings/mometools/', 'CSE', 'ACM', NULL, 'online', NULL, NULL),
	(2158, 'MoSE+DQS: Model Driven Service Engineering and Data Quality and Security', 'http://dl.acm.org/proceedings/mose+dqs/', 'CSE', 'ACM', NULL, 'online', NULL, NULL),
	(2159, 'MoViD: Mobile Video Delivery', 'http://dl.acm.org/proceedings/movid/', 'CSE', 'ACM', NULL, 'online', NULL, NULL),
	(2160, 'MobConQoE: Mobile Content Quality of Experience', 'http://dl.acm.org/proceedings/mobconqoe/', 'CSE', 'ACM', NULL, 'online', NULL, NULL),
	(2161, 'MobMid: Mobile Middleware', 'http://dl.acm.org/proceedings/mobmid/', 'CSE', 'ACM', NULL, 'online', NULL, NULL),
	(2162, 'MobiArch: Mobility in the Evolving Internet Architecture', 'http://dl.acm.org/proceedings/mobiarch/', 'CSE', 'ACM', NULL, 'online', NULL, NULL),
	(2163, 'MobiCom: Mobile Computing', 'http://dl.acm.org/proceedings/mobicom/', 'CSE', 'ACM', NULL, 'online', NULL, NULL),
	(2164, 'MobiDE: Data Engineering for Wireless and Mobile Access', 'http://dl.acm.org/proceedings/mobide/', 'CSE', 'ACM', NULL, 'online', NULL, NULL),
	(2165, 'MobiEval: System Evaluation for Mobile Platforms', 'http://dl.acm.org/proceedings/mobieval/', 'CSE', 'ACM', NULL, 'online', NULL, NULL),
	(2166, 'MobiHeld: Networking, Systems, and Applications for Mobile Handhelds', 'http://dl.acm.org/proceedings/mobiheld/', 'CSE', 'ACM', NULL, 'online', NULL, NULL),
	(2167, 'MobiHoc: Mobile Ad Hoc Networking and Computing', 'http://dl.acm.org/proceedings/mobihoc/', 'CSE', 'ACM', NULL, 'online', NULL, NULL),
	(2168, 'MobiMedia: Mobile Multimedia Communications', 'http://dl.acm.org/proceedings/mobimedia/', 'CSE', 'ACM', NULL, 'online', NULL, NULL),
	(2169, 'MobiOpp: Mobile Opportunistic Networking', 'http://dl.acm.org/proceedings/mobiopp/', 'CSE', 'ACM', NULL, 'online', NULL, NULL),
	(2170, 'MobiShare: Decentralized Resource Sharing in Mobile Computing and Networking', 'http://dl.acm.org/proceedings/mobishare/', 'CSE', 'ACM', NULL, 'online', NULL, NULL),
	(2171, 'MobiSys: Mobile Systems, Applications, and Services', 'http://dl.acm.org/proceedings/mobisys/', 'CSE', 'ACM', NULL, 'online', NULL, NULL),
	(2172, 'MobiVirt: Virtualization in Mobile Computing', 'http://dl.acm.org/proceedings/mobivirt/', 'CSE', 'ACM', NULL, 'online', NULL, NULL),
	(2173, 'MobiWac: Mobility Management and Wireless Access', 'http://dl.acm.org/proceedings/mobiwac/', 'CSE', 'ACM', NULL, 'online', NULL, NULL),
	(2174, 'MobileHCI: Human Computer Interaction with Mobile Devices and Services', 'http://dl.acm.org/proceedings/mobilehci/', 'CSE', 'ACM', NULL, 'online', NULL, NULL),
	(2175, 'Mobility: Mobile Technology, Applications, and Systems', 'http://dl.acm.org/proceedings/mobility/', 'CSE', 'ACM', NULL, 'online', NULL, NULL),
	(2176, 'MobilityModels: Mobility Models', 'http://dl.acm.org/proceedings/mobilitymodels/', 'CSE', 'ACM', NULL, 'online', NULL, NULL),
	(2177, 'NAOMI: Next Generation Aspect Oriented Middleware', 'http://dl.acm.org/proceedings/naomi/', 'CSE', 'ACM', NULL, 'online', NULL, NULL),
	(2178, 'NDA: Network Data Anonymization', 'http://dl.acm.org/proceedings/nda/', 'CSE', 'ACM', NULL, 'online', NULL, NULL),
	(2179, 'NETFLIX: Large-Scale Recommender Systems and the Netflix Prize Competition', 'http://dl.acm.org/proceedings/netflix/', 'CSE', 'ACM', NULL, 'online', NULL, NULL),
	(2180, 'NICELI: Network-I/O Convergence', 'http://dl.acm.org/proceedings/niceli/', 'CSE', 'ACM', NULL, 'online', NULL, NULL),
	(2181, 'NIME: New Interfaces for Musical Expression', 'http://dl.acm.org/proceedings/nime/', 'CSE', 'ACM', NULL, 'online', NULL, NULL),
	(2182, 'NOSSDAV: Network and Operating Systems Support for Digital Audio and Video', 'http://dl.acm.org/proceedings/nossdav/', 'CSE', 'ACM', NULL, 'online', NULL, NULL),
	(2183, 'NOTERE: New Technologies in Distributed Systems', 'http://dl.acm.org/proceedings/notere/', 'CSE', 'ACM', NULL, 'online', NULL, NULL),
	(2184, 'NPAR: Non-Photorealistic Animation and Rendering', 'http://dl.acm.org/proceedings/npar/', 'CSE', 'ACM', NULL, 'online', NULL, NULL),
	(2185, 'NPIV: New Paradigms in Information Visualization and Manipulation', 'http://dl.acm.org/proceedings/npiv/', 'CSE', 'ACM', NULL, 'online', NULL, NULL),
	(2186, 'NPIVM: NPIVM', 'http://dl.acm.org/proceedings/npivm/', 'CSE', 'ACM', NULL, 'online', NULL, NULL),
	(2187, 'NRBC: Next-Generation Residential Broadband Challenges', 'http://dl.acm.org/proceedings/nrbc/', 'CSE', 'ACM', NULL, 'online', NULL, NULL),
	(2188, 'NSDI: Networked Systems Design & Implementation', 'http://dl.acm.org/proceedings/nsdi/', 'CSE', 'ACM', NULL, 'online', NULL, NULL),
	(2189, 'NSDR: Networked Systems for Developing Regions', 'http://dl.acm.org/proceedings/nsdr/', 'CSE', 'ACM', NULL, 'online', NULL, NULL),
	(2190, 'NSEC: National Software Engineering Conference', 'http://dl.acm.org/proceedings/nsec/', 'CSE', 'ACM', NULL, 'online', NULL, NULL),
	(2191, 'NSPW: New Security Paradigms and Workshop', 'http://dl.acm.org/proceedings/nspw/', 'CSE', 'ACM', NULL, 'online', NULL, NULL),
	(2192, 'Nanoarch: Nanoscale Architectures', 'http://dl.acm.org/proceedings/nanoarch/', 'CSE', 'ACM', NULL, 'online', NULL, NULL),
	(2193, 'NetEcon: Economics of Networked Systems', 'http://dl.acm.org/proceedings/netecon/', 'CSE', 'ACM', NULL, 'online', NULL, NULL),
	(2194, 'NetGames: Network and Systems Support for Games', 'http://dl.acm.org/proceedings/netgames/', 'CSE', 'ACM', NULL, 'online', NULL, NULL),
	(2195, 'NetT: Network Troubleshooting', 'http://dl.acm.org/proceedings/nett/', 'CSE', 'ACM', NULL, 'online', NULL, NULL),
	(2196, 'NoCArc: Network on Chip Architectures', 'http://dl.acm.org/proceedings/nocarc/', 'CSE', 'ACM', NULL, 'online', NULL, NULL),
	(2197, 'NordiCHI: Nordic Conference on Human-Computer Interaction', 'http://dl.acm.org/proceedings/nordichi/', 'CSE', 'ACM', NULL, 'online', NULL, NULL),
	(2198, 'OBI: Ontology-supported Business Intelligence', 'http://dl.acm.org/proceedings/obi/', 'CSE', 'ACM', NULL, 'online', NULL, NULL),
	(2199, 'OM: Optimization of Middleware and Distributed Systems', 'http://dl.acm.org/proceedings/om/', 'CSE', 'ACM', NULL, 'online', NULL, NULL),
	(2200, 'ONISW: Ontologies and Information Systems for the Semantic Web', 'http://dl.acm.org/proceedings/onisw/', 'CSE', 'ACM', NULL, 'online', NULL, NULL),
	(2201, 'OODS: Object-Oriented Database Systems', 'http://dl.acm.org/proceedings/oods/', 'CSE', 'ACM', NULL, 'online', NULL, NULL),
	(2202, 'OOPWORK: OOPWORK', 'http://dl.acm.org/proceedings/oopwork/', 'CSE', 'ACM', NULL, 'online', NULL, NULL),
	(2203, 'OSDI: Operating Systems Design and Implementation', 'http://dl.acm.org/proceedings/osdi/', 'CSE', 'ACM', NULL, 'online', NULL, NULL),
	(2204, 'OSDM: Open Source Data Mining', 'http://dl.acm.org/proceedings/osdm/', 'CSE', 'ACM', NULL, 'online', NULL, NULL),
	(2205, 'OZCHI: Australian Computer-Human Interaction Special Interest Group: Design', 'http://dl.acm.org/proceedings/ozchi/', 'CSE', 'ACM', NULL, 'online', NULL, NULL),
	(2206, 'P2PECON: Economics of Peer-to-Peer Systems', 'http://dl.acm.org/proceedings/p2pecon/', 'CSE', 'ACM', NULL, 'online', NULL, NULL),
	(2207, 'P2PIR: PPIR', 'http://dl.acm.org/proceedings/p2pir/', 'CSE', 'ACM', NULL, 'online', NULL, NULL),
	(2208, 'PACT: Parallel Architectures and Compilation Techniques', 'http://dl.acm.org/proceedings/pact/', 'CSE', 'ACM', NULL, 'online', NULL, NULL),
	(2209, 'PADD: Parallel and Distributed Debugging', 'http://dl.acm.org/proceedings/padd/', 'CSE', 'ACM', NULL, 'online', NULL, NULL),
	(2210, 'PADS: Principles of Advanced and Distributed Simulation', 'http://dl.acm.org/proceedings/pads/', 'CSE', 'ACM', NULL, 'online', NULL, NULL),
	(2211, 'PADTAD: Parallel and Distributed Systems: Testing, Analysis, and Debugging', 'http://dl.acm.org/proceedings/padtad/', 'CSE', 'ACM', NULL, 'online', NULL, NULL),
	(2212, 'PAIS: Privacy and Anonymity in Information Society', 'http://dl.acm.org/proceedings/pais/', 'CSE', 'ACM', NULL, 'online', NULL, NULL),
	(2213, 'PASCO: Parallel Symbolic Computation', 'http://dl.acm.org/proceedings/pasco/', 'CSE', 'ACM', NULL, 'online', NULL, NULL),
	(2214, 'PASTE: Program Analysis for Software Tools and Engineering', 'http://dl.acm.org/proceedings/paste/', 'CSE', 'ACM', NULL, 'online', NULL, NULL),
	(2215, 'PAVLAD: Privacy and Anonymity for Very Large Databases', 'http://dl.acm.org/proceedings/pavlad/', 'CSE', 'ACM', NULL, 'online', NULL, NULL),
	(2216, 'PCAR: Practical Cognitive Agents and Robots', 'http://dl.acm.org/proceedings/pcar/', 'CSE', 'ACM', NULL, 'online', NULL, NULL),
	(2217, 'PCGames: Procedural Content Generation in Games', 'http://dl.acm.org/proceedings/pcgames/', 'CSE', 'ACM', NULL, 'online', NULL, NULL),
	(2218, 'PCK: Principles of Computing & Knowledge', 'http://dl.acm.org/proceedings/pck/', 'CSE', 'ACM', NULL, 'online', NULL, NULL),
	(2219, 'PCS: Personal Computer Security', 'http://dl.acm.org/proceedings/pcs/', 'CSE', 'ACM', NULL, 'online', NULL, NULL),
	(2220, 'PDC: Participatory Design', 'http://dl.acm.org/proceedings/pdc/', 'CSE', 'ACM', NULL, 'online', NULL, NULL),
	(2221, 'PDSW: Petascale Data Storage', 'http://dl.acm.org/proceedings/pdsw/', 'CSE', 'ACM', NULL, 'online', NULL, NULL),
	(2222, 'PE-WASUN: Performance Evaluation of Wireless Ad hoc Sensor, and Ubiquitous Networks', 'http://dl.acm.org/proceedings/pe-wasun/', 'CSE', 'ACM', NULL, 'online', NULL, NULL),
	(2223, 'PEICS: Pattern-Driven Engineering of Interactive Computing Systems', 'http://dl.acm.org/proceedings/peics/', 'CSE', 'ACM', NULL, 'online', NULL, NULL),
	(2224, 'PEPM: Partial Evaluation and Program Manipulation', 'http://dl.acm.org/proceedings/pepm/', 'CSE', 'ACM', NULL, 'online', NULL, NULL),
	(2225, 'PERFORMANCE: Computer Performance Modelling, Measurement and Evaluation', 'http://dl.acm.org/proceedings/performance/', 'CSE', 'ACM', NULL, 'online', NULL, NULL),
	(2226, 'PESOS: Principles of Engineering Service-Oriented Systems', 'http://dl.acm.org/proceedings/pesos/', 'CSE', 'ACM', NULL, 'online', NULL, NULL),
	(2227, 'PETRA: Pervasive Technologies Related to Assistive Environments', 'http://dl.acm.org/proceedings/petra/', 'CSE', 'ACM', NULL, 'online', NULL, NULL),
	(2228, 'PGAS: Partitioned Global Address Space Programing Models', 'http://dl.acm.org/proceedings/pgas/', 'CSE', 'ACM', NULL, 'online', NULL, NULL),
	(2229, 'PIKM: Ph.D. Students in Information and Knowledge Management', 'http://dl.acm.org/proceedings/pikm/', 'CSE', 'ACM', NULL, 'online', NULL, NULL),
	(2230, 'PINS: Practice and Theory of Incentives in Networked Systems', 'http://dl.acm.org/proceedings/pins/', 'CSE', 'ACM', NULL, 'online', NULL, NULL),
	(2231, 'PLAS: Programming Languages and Analysis for Security', 'http://dl.acm.org/proceedings/plas/', 'CSE', 'ACM', NULL, 'online', NULL, NULL),
	(2232, 'PLATE: Linking Aspect Technology and Evolution', 'http://dl.acm.org/proceedings/plate/', 'CSE', 'ACM', NULL, 'online', NULL, NULL),
	(2233, 'PLDI: Programming Language Design and Implementation', 'http://dl.acm.org/proceedings/pldi/', 'CSE', 'ACM', NULL, 'online', NULL, NULL),
	(2234, 'PLEASE: Product Line Approaches in Software Engineering', 'http://dl.acm.org/proceedings/please/', 'CSE', 'ACM', NULL, 'online', NULL, NULL),
	(2235, 'PLOS: Programming Languages and Operating Systems', 'http://dl.acm.org/proceedings/plos/', 'CSE', 'ACM', NULL, 'online', NULL, NULL),
	(2236, 'PLPV: Programming Languages Meets Program Verification', 'http://dl.acm.org/proceedings/plpv/', 'CSE', 'ACM', NULL, 'online', NULL, NULL),
	(2237, 'PLoP: Pattern Languages of Programs', 'http://dl.acm.org/proceedings/plop/', 'CSE', 'ACM', NULL, 'online', NULL, NULL),
	(2238, 'PMHWN: Performance Monitoring and Measurement of Heterogenous Wireless and Wired Networks', 'http://dl.acm.org/proceedings/pmhwn/', 'CSE', 'ACM', NULL, 'online', NULL, NULL),
	(2239, 'PODC: Principles of Distributed Computing', 'http://dl.acm.org/proceedings/podc/', 'CSE', 'ACM', NULL, 'online', NULL, NULL),
	(2240, 'PODS: Principles of Database Systems', 'http://dl.acm.org/proceedings/pods/', 'CSE', 'ACM', NULL, 'online', NULL, NULL),
	(2241, 'POMC: Principles of Mobile Computing', 'http://dl.acm.org/proceedings/pomc/', 'CSE', 'ACM', NULL, 'online', NULL, NULL),
	(2242, 'POOSC: Parallel/High-Performance Object-Oriented Scientific Computing', 'http://dl.acm.org/proceedings/poosc/', 'CSE', 'ACM', NULL, 'online', NULL, NULL),
	(2243, 'POPL: Principles of Programming Languages', 'http://dl.acm.org/proceedings/popl/', 'CSE', 'ACM', NULL, 'online', NULL, NULL),
	(2244, 'PP-TV: Peer-to-Peer Streaming and IP-TV', 'http://dl.acm.org/proceedings/pp-tv/', 'CSE', 'ACM', NULL, 'online', NULL, NULL),
	(2245, 'PPDP: Principles and Practice of Declarative Programming', 'http://dl.acm.org/proceedings/ppdp/', 'CSE', 'ACM', NULL, 'online', NULL, NULL),
	(2246, 'PPEALS: Parallel Programming: Experience with Applications, Languages and Systems', 'http://dl.acm.org/proceedings/ppeals/', 'CSE', 'ACM', NULL, 'online', NULL, NULL),
	(2247, 'PPMMS: Peer-to-Peer Multimedia Streaming', 'http://dl.acm.org/proceedings/ppmms/', 'CSE', 'ACM', NULL, 'online', NULL, NULL),
	(2248, 'PPPJ: Principles and Practice of Programming in Java', 'http://dl.acm.org/proceedings/pppj/', 'CSE', 'ACM', NULL, 'online', NULL, NULL),
	(2249, 'PPoPP: Principles and Practice of Parallel Programming', 'http://dl.acm.org/proceedings/ppopp/', 'CSE', 'ACM', NULL, 'online', NULL, NULL),
	(2250, 'PRESTO: Programmable Routers for Extensible Services of Tomorrow', 'http://dl.acm.org/proceedings/presto/', 'CSE', 'ACM', NULL, 'online', NULL, NULL),
	(2251, 'PROCAMS: Projector Camera Systems', 'http://dl.acm.org/proceedings/procams/', 'CSE', 'ACM', NULL, 'online', NULL, NULL),
	(2252, 'PROMISE: Predictor Models in Software Engineering', 'http://dl.acm.org/proceedings/promise/', 'CSE', 'ACM', NULL, 'online', NULL, NULL),
	(2253, 'PRS: Parallel Rendering', 'http://dl.acm.org/proceedings/prs/', 'CSE', 'ACM', NULL, 'online', NULL, NULL),
	(2254, 'PST: Privacy, Security and Trust', 'http://dl.acm.org/proceedings/pst/', 'CSE', 'ACM', NULL, 'online', NULL, NULL),
	(2255, 'PUI: Perceptive User Interfaces', 'http://dl.acm.org/proceedings/pui/', 'CSE', 'ACM', NULL, 'online', NULL, NULL),
	(2256, 'PVG: Parallel and Large-Data Visualization and Graphics', 'http://dl.acm.org/proceedings/pvg/', 'CSE', 'ACM', NULL, 'online', NULL, NULL),
	(2257, 'PVGS: Parallel Visualization and Graphics', 'http://dl.acm.org/proceedings/pvgs/', 'CSE', 'ACM', NULL, 'online', NULL, NULL),
	(2258, 'PaIR: Patent Information Retrieval', 'http://dl.acm.org/proceedings/pair/', 'CSE', 'ACM', NULL, 'online', NULL, NULL),
	(2259, 'PerMIS: Performance Metrics for Intelligent Systems', 'http://dl.acm.org/proceedings/permis/', 'CSE', 'ACM', NULL, 'online', NULL, NULL),
	(2260, 'Persuasive: Persuasive Technology', 'http://dl.acm.org/proceedings/persuasive/', 'CSE', 'ACM', NULL, 'online', NULL, NULL),
	(2261, 'Ph.D.: EDBT Ph.D. workshop', 'http://dl.acm.org/proceedings/ph.d./', 'CSE', 'ACM', NULL, 'online', NULL, NULL),
	(2262, 'QSWinet: Quality of Service and Security for Wireless in Mobile Networks', 'http://dl.acm.org/proceedings/qswinet/', 'CSE', 'ACM', NULL, 'online', NULL, NULL),
	(2263, 'QShine: Heterogeneous Networking for Quality, Reliability, Security and Robustness', 'http://dl.acm.org/proceedings/qshine/', 'CSE', 'ACM', NULL, 'online', NULL, NULL),
	(2264, 'QTNA: Queueing Theory and Network Applications', 'http://dl.acm.org/proceedings/qtna/', 'CSE', 'ACM', NULL, 'online', NULL, NULL),
	(2265, 'QUASOSS: Quality of Service-Oriented Software Systems', 'http://dl.acm.org/proceedings/quasoss/', 'CSE', 'ACM', NULL, 'online', NULL, NULL),
	(2266, 'QUOVADIS: Quantitative Stochastic Models in the Verification and Design of Software Systems', 'http://dl.acm.org/proceedings/quovadis/', 'CSE', 'ACM', NULL, 'online', NULL, NULL),
	(2267, 'QUTE-SWAP: Quantitative Techniques for Software Agile Process', 'http://dl.acm.org/proceedings/qute-swap/', 'CSE', 'ACM', NULL, 'online', NULL, NULL),
	(2268, 'QoP: Quality of Protection', 'http://dl.acm.org/proceedings/qop/', 'CSE', 'ACM', NULL, 'online', NULL, NULL),
	(2269, 'RAM-SE: Reflection, AOP and Meta-Data for Software Evolution', 'http://dl.acm.org/proceedings/ram-se/', 'CSE', 'ACM', NULL, 'online', NULL, NULL),
	(2270, 'RAOOL: Relationships and Associations in Object-Oriented Languages', 'http://dl.acm.org/proceedings/raool/', 'CSE', 'ACM', NULL, 'online', NULL, NULL),
	(2271, 'RBAC: Role-Based Access Control', 'http://dl.acm.org/proceedings/rbac/', 'CSE', 'ACM', NULL, 'online', NULL, NULL),
	(2272, 'REALMAN: Multi-Hop Ad Hoc Networks', 'http://dl.acm.org/proceedings/realman/', 'CSE', 'ACM', NULL, 'online', NULL, NULL),
	(2273, 'REALWSN: Real-world Wireless Sensor Networks', 'http://dl.acm.org/proceedings/realwsn/', 'CSE', 'ACM', NULL, 'online', NULL, NULL),
	(2274, 'REBSE: Realising Evidence-Based Software Engineering', 'http://dl.acm.org/proceedings/rebse/', 'CSE', 'ACM', NULL, 'online', NULL, NULL),
	(2275, 'RECOMB: Resaerch in Computational Molecular Biology', 'http://dl.acm.org/proceedings/recomb/', 'CSE', 'ACM', NULL, 'online', NULL, NULL),
	(2276, 'RIPQoS: Revisiting IP QoS', 'http://dl.acm.org/proceedings/ripqos/', 'CSE', 'ACM', NULL, 'online', NULL, NULL),
	(2277, 'RKRAS: Research In Knowledge Representation For Autonomous Systems', 'http://dl.acm.org/proceedings/rkras/', 'CSE', 'ACM', NULL, 'online', NULL, NULL),
	(2278, 'ROA: Role of Abstraction in Software Engineering', 'http://dl.acm.org/proceedings/roa/', 'CSE', 'ACM', NULL, 'online', NULL, NULL),
	(2279, 'ROSATEA: Role of Software Architecture for Testing and Analysis', 'http://dl.acm.org/proceedings/rosatea/', 'CSE', 'ACM', NULL, 'online', NULL, NULL),
	(2280, 'RSSE: Recommendation Systems for Software Engineering', 'http://dl.acm.org/proceedings/rsse/', 'CSE', 'ACM', NULL, 'online', NULL, NULL),
	(2281, 'RT: Randon Testing', 'http://dl.acm.org/proceedings/rt/', 'CSE', 'ACM', NULL, 'online', NULL, NULL),
	(2282, 'RULE: Rule-Based Programming', 'http://dl.acm.org/proceedings/rule/', 'CSE', 'ACM', NULL, 'online', NULL, NULL),
	(2283, 'ReArch: Re-architecting the Internet', 'http://dl.acm.org/proceedings/rearch/', 'CSE', 'ACM', NULL, 'online', NULL, NULL),
	(2284, 'RecSys: Recommender Systems', 'http://dl.acm.org/proceedings/recsys/', 'CSE', 'ACM', NULL, 'online', NULL, NULL),
	(2285, 'Resilience: Resilience in High Performance', 'http://dl.acm.org/proceedings/resilience/', 'CSE', 'ACM', NULL, 'online', NULL, NULL),
	(2286, 'S&D4RCES: Security and Dependability for Resource Constrained Embedded Systems', 'http://dl.acm.org/proceedings/s&d4rces/', 'CSE', 'ACM', NULL, 'online', NULL, NULL),
	(2287, 'S3: Wireless of the Students, by the Students, for the Students', 'http://dl.acm.org/proceedings/s3/', 'CSE', 'ACM', NULL, 'online', NULL, NULL),
	(2288, 'SAC: Symposium on Applied Computing', 'http://dl.acm.org/proceedings/sac/', 'CSE', 'ACM', NULL, 'online', NULL, NULL),
	(2289, 'SACLA: Southern African Computer Lecturers\' Association', 'http://dl.acm.org/proceedings/sacla/', 'CSE', 'ACM', NULL, 'online', NULL, NULL),
	(2290, 'SACMAT: Symposium on Access Control Models and Technologies', 'http://dl.acm.org/proceedings/sacmat/', 'CSE', 'ACM', NULL, 'online', NULL, NULL),
	(2291, 'SADPI: Semantically Aware Document Processing and Indexing', 'http://dl.acm.org/proceedings/sadpi/', 'CSE', 'ACM', NULL, 'online', NULL, NULL),
	(2292, 'SAICSIT: South African Institute of Computer Scientists and Information Technologists', 'http://dl.acm.org/proceedings/saicsit/', 'CSE', 'ACM', NULL, 'online', NULL, NULL),
	(2293, 'SAM: Software Architectures and Mobility', 'http://dl.acm.org/proceedings/sam/', 'CSE', 'ACM', NULL, 'online', NULL, NULL),
	(2294, 'SAME: Semantic Ambient Media Experiences', 'http://dl.acm.org/proceedings/same/', 'CSE', 'ACM', NULL, 'online', NULL, NULL),
	(2295, 'SANET: Sensor and Actor Networks', 'http://dl.acm.org/proceedings/sanet/', 'CSE', 'ACM', NULL, 'online', NULL, NULL),
	(2296, 'SAPMIA: Social, Adaptive and Personalized Multimedia Interaction and Access', 'http://dl.acm.org/proceedings/sapmia/', 'CSE', 'ACM', NULL, 'online', NULL, NULL),
	(2297, 'SAS: Static Analysis', 'http://dl.acm.org/proceedings/sas/', 'CSE', 'ACM', NULL, 'online', NULL, NULL),
	(2298, 'SASN: Security of Ad hoc and Sensor Networks', 'http://dl.acm.org/proceedings/sasn/', 'CSE', 'ACM', NULL, 'online', NULL, NULL),
	(2299, 'SAVCBS: Specification and Verification of Component-Based Systems', 'http://dl.acm.org/proceedings/savcbs/', 'CSE', 'ACM', NULL, 'online', NULL, NULL),
	(2300, 'SAW: Static Analysis', 'http://dl.acm.org/proceedings/saw/', 'CSE', 'ACM', NULL, 'online', NULL, NULL),
	(2301, 'SBCCI: Symposium on Integrated Circuits and System Design', 'http://dl.acm.org/proceedings/sbcci/', 'CSE', 'ACM', NULL, 'online', NULL, NULL),
	(2302, 'SBIM: Sketch-Based Interfaces and Modeling', 'http://dl.acm.org/proceedings/sbim/', 'CSE', 'ACM', NULL, 'online', NULL, NULL),
	(2303, 'SC: International Conference for High Performance Computing, Networking, Storage, and Analysis', 'http://dl.acm.org/proceedings/sc/', 'CSE', 'ACM', NULL, 'online', NULL, NULL),
	(2304, 'SCA: Symposium on Computer Animation', 'http://dl.acm.org/proceedings/sca/', 'CSE', 'ACM', NULL, 'online', NULL, NULL),
	(2305, 'SCC: Services Computing', 'http://dl.acm.org/proceedings/scc/', 'CSE', 'ACM', NULL, 'online', NULL, NULL),
	(2306, 'SCCG: Spring Conference on Computer graphics', 'http://dl.acm.org/proceedings/sccg/', 'CSE', 'ACM', NULL, 'online', NULL, NULL),
	(2307, 'SCE: Summit on Computing Education', 'http://dl.acm.org/proceedings/sce/', 'CSE', 'ACM', NULL, 'online', NULL, NULL),
	(2308, 'SCESM: Scenarios and State Machines', 'http://dl.acm.org/proceedings/scesm/', 'CSE', 'ACM', NULL, 'online', NULL, NULL),
	(2309, 'SCM: Software Configuration Management', 'http://dl.acm.org/proceedings/scm/', 'CSE', 'ACM', NULL, 'online', NULL, NULL),
	(2310, 'SCN: Simulation of Computer Networks', 'http://dl.acm.org/proceedings/scn/', 'CSE', 'ACM', NULL, 'online', NULL, NULL),
	(2311, 'SCOPES: Software and Compilers for Embedded Systems', 'http://dl.acm.org/proceedings/scopes/', 'CSE', 'ACM', NULL, 'online', NULL, NULL),
	(2312, 'SCORE: Software Metrics', 'http://dl.acm.org/proceedings/score/', 'CSE', 'ACM', NULL, 'online', NULL, NULL),
	(2313, 'SCSC: Summer Computer Simulation Conference', 'http://dl.acm.org/proceedings/scsc/', 'CSE', 'ACM', NULL, 'online', NULL, NULL),
	(2314, 'SDDDM: Dependable Distributed Data Management', 'http://dl.acm.org/proceedings/sdddm/', 'CSE', 'ACM', NULL, 'online', NULL, NULL),
	(2315, 'SDE: Software Development Environments', 'http://dl.acm.org/proceedings/sde/', 'CSE', 'ACM', NULL, 'online', NULL, NULL),
	(2316, 'SDG: Software Development Governance', 'http://dl.acm.org/proceedings/sdg/', 'CSE', 'ACM', NULL, 'online', NULL, NULL),
	(2317, 'SDSOA: Systems Development in SOA Environments', 'http://dl.acm.org/proceedings/sdsoa/', 'CSE', 'ACM', NULL, 'online', NULL, NULL),
	(2318, 'SE-HPC: Software Engineering for High Performance Computing Applications', 'http://dl.acm.org/proceedings/se-hpc/', 'CSE', 'ACM', NULL, 'online', NULL, NULL),
	(2319, 'SEAMS: Software Engineering for Adaptive and Self-Managing Systems', 'http://dl.acm.org/proceedings/seams/', 'CSE', 'ACM', NULL, 'online', NULL, NULL),
	(2320, 'SEAS: Software Engineering for Automotive Systems', 'http://dl.acm.org/proceedings/seas/', 'CSE', 'ACM', NULL, 'online', NULL, NULL),
	(2321, 'SECSE: Software Engineering for Computational Science and Engineering', 'http://dl.acm.org/proceedings/secse/', 'CSE', 'ACM', NULL, 'online', NULL, NULL),
	(2322, 'SEESE: Software Engineering in East and South Europe', 'http://dl.acm.org/proceedings/seese/', 'CSE', 'ACM', NULL, 'online', NULL, NULL),
	(2323, 'SEEUP: Software Engineering Foundations for End User Programming', 'http://dl.acm.org/proceedings/seeup/', 'CSE', 'ACM', NULL, 'online', NULL, NULL),
	(2324, 'SEHC: Software Engineering in Health Care', 'http://dl.acm.org/proceedings/sehc/', 'CSE', 'ACM', NULL, 'online', NULL, NULL),
	(2325, 'SEKE: Software Engineering and Knowledge Engineering', 'http://dl.acm.org/proceedings/seke/', 'CSE', 'ACM', NULL, 'online', NULL, NULL),
	(2326, 'SELMAS: Software Engineering for Large-Scale Multi-Agent Systems', 'http://dl.acm.org/proceedings/selmas/', 'CSE', 'ACM', NULL, 'online', NULL, NULL),
	(2327, 'SEM: Software Engineering and Middleware', 'http://dl.acm.org/proceedings/sem/', 'CSE', 'ACM', NULL, 'online', NULL, NULL),
	(2328, 'SEMSEARCH: Semantic Search', 'http://dl.acm.org/proceedings/semsearch/', 'CSE', 'ACM', NULL, 'online', NULL, NULL),
	(2329, 'SEPCASE: Software Engineering for Pervasive Computing Applications, Systems, and Environments', 'http://dl.acm.org/proceedings/sepcase/', 'CSE', 'ACM', NULL, 'online', NULL, NULL),
	(2330, 'SEPS: Software Engineering for Pervasive Services', 'http://dl.acm.org/proceedings/seps/', 'CSE', 'ACM', NULL, 'online', NULL, NULL),
	(2331, 'SERENE: Software Engineering for Resilient Systems', 'http://dl.acm.org/proceedings/serene/', 'CSE', 'ACM', NULL, 'online', NULL, NULL),
	(2332, 'SESENA: Software Engineering for Sensor Network Applications', 'http://dl.acm.org/proceedings/sesena/', 'CSE', 'ACM', NULL, 'online', NULL, NULL),
	(2333, 'SESS: Software Engineering for Secure Systems', 'http://dl.acm.org/proceedings/sess/', 'CSE', 'ACM', NULL, 'online', NULL, NULL),
	(2334, 'SETA: Symposium on Environments and Tools for Ada', 'http://dl.acm.org/proceedings/seta/', 'CSE', 'ACM', NULL, 'online', NULL, NULL),
	(2335, 'SETMDM: Software Engineering for Tailor-Made Data Management', 'http://dl.acm.org/proceedings/setmdm/', 'CSE', 'ACM', NULL, 'online', NULL, NULL),
	(2336, 'SGP: Symposium on Geometry Processing', 'http://dl.acm.org/proceedings/sgp/', 'CSE', 'ACM', NULL, 'online', 'ISSN-1234', '1(2010) - 10(2015)<br />\r\n(2016)<br />\r\n(2017)<br />\r\n'),
	(2337, 'SHARK: Sharing and Reusing Architectural Knowledge', 'http://dl.acm.org/proceedings/shark/', 'CSE', 'ACM', NULL, 'online', NULL, NULL),
	(2338, 'SICOSIM: SICOSIM', 'http://dl.acm.org/proceedings/sicosim/', 'CSE', 'ACM', NULL, 'online', NULL, NULL),
	(2339, 'SIGAda: SIGAda International Conference on Ada', 'http://dl.acm.org/proceedings/sigada/', 'CSE', 'ACM', NULL, 'online', NULL, NULL),
	(2340, 'SIGBDP: SIGBDP Conference on Trends and Directions in Expert Systems', 'http://dl.acm.org/proceedings/sigbdp/', 'CSE', 'ACM', NULL, 'online', NULL, NULL),
	(2341, 'SIGCOMM LA: Data Communication in Latin America and the Caribbean', 'http://dl.acm.org/proceedings/sigcommla/', 'CSE', 'ACM', NULL, 'online', NULL, NULL),
	(2342, 'SIGCOMM: ACM SIGCOMM', 'http://dl.acm.org/proceedings/sigcomm/', 'CSE', 'ACM', NULL, 'online', NULL, NULL),
	(2343, 'SIGCSE: Computer Science Education', 'http://dl.acm.org/proceedings/sigcse/', 'CSE', 'ACM', NULL, 'online', NULL, NULL),
	(2344, 'SIGDOC: Design of Communication', 'http://dl.acm.org/proceedings/sigdoc/', 'CSE', 'ACM', NULL, 'online', NULL, NULL),
	(2345, 'SIGFIDET: Data Description, Access and Control', 'http://dl.acm.org/proceedings/sigfidet/', 'CSE', 'ACM', NULL, 'online', NULL, NULL),
	(2346, 'SIGGRAPH Asia: Computer Graphics and Interactive Techniques Conference - Asia', 'http://dl.acm.org/proceedings/siggraphasia/', 'CSE', 'ACM', NULL, 'online', NULL, NULL),
	(2347, 'SIGGRAPH: Computer Graphics and Interactive Techniques Conference', 'http://dl.acm.org/proceedings/siggraph/', 'CSE', 'ACM', NULL, 'online', NULL, NULL),
	(2348, 'SIGIR: Information Retrieval', 'http://dl.acm.org/proceedings/sigir/', 'CSE', 'ACM', NULL, 'online', NULL, NULL),
	(2349, 'SIGITE: Information Technology Education', 'http://dl.acm.org/proceedings/sigite/', 'CSE', 'ACM', NULL, 'online', NULL, NULL),
	(2350, 'SIGME: SIGME Symposium', 'http://dl.acm.org/proceedings/sigme/', 'CSE', 'ACM', NULL, 'online', NULL, NULL),
	(2351, 'SIGMETRICS: Measurement and Modeling of Computer Systems', 'http://dl.acm.org/proceedings/sigmetrics/', 'CSE', 'ACM', NULL, 'online', NULL, NULL),
	(2352, 'SIGMINI: SIGMINI Symposium on Small Systems', 'http://dl.acm.org/proceedings/sigmini/', 'CSE', 'ACM', NULL, 'online', NULL, NULL),
	(2353, 'SIGMOD: Management of Data', 'http://dl.acm.org/proceedings/sigmod/', 'CSE', 'ACM', NULL, 'online', NULL, NULL),
	(2354, 'SIGPLAN: SIGPLAN Symposium', 'http://dl.acm.org/proceedings/sigplan/', 'CSE', 'ACM', NULL, 'online', NULL, NULL),
	(2355, 'SIGSMALL: SIGSMALL/PC Symposium on Small Systems', 'http://dl.acm.org/proceedings/sigsmall/', 'CSE', 'ACM', NULL, 'online', NULL, NULL),
	(2356, 'SIGSOFT: Foundations of Software Engineering', 'http://dl.acm.org/proceedings/sigsoft/', 'CSE', 'ACM', NULL, 'online', NULL, NULL),
	(2357, 'SIGUCCS: User Services', 'http://dl.acm.org/proceedings/siguccs/', 'CSE', 'ACM', NULL, 'online', NULL, NULL),
	(2358, 'SIMPLEX: Simplifying Complex Network for Practitioners', 'http://dl.acm.org/proceedings/simplex/', 'CSE', 'ACM', NULL, 'online', NULL, NULL),
	(2359, 'SIMUTools: Simulation Tools and Techniques', 'http://dl.acm.org/proceedings/simutools/', 'CSE', 'ACM', NULL, 'online', NULL, NULL),
	(2360, 'SIN: Security of Information and Networks', 'http://dl.acm.org/proceedings/sin/', 'CSE', 'ACM', NULL, 'online', NULL, NULL),
	(2361, 'SINTER: Software Integration and Evolution at Runtime', 'http://dl.acm.org/proceedings/sinter/', 'CSE', 'ACM', NULL, 'online', NULL, NULL),
	(2362, 'SIPE: Services Integration in Pervasive Environments', 'http://dl.acm.org/proceedings/sipe/', 'CSE', 'ACM', NULL, 'online', NULL, NULL),
	(2363, 'SISAP: Similarity Search and Applications', 'http://dl.acm.org/proceedings/sisap/', 'CSE', 'ACM', NULL, 'online', NULL, NULL),
	(2364, 'SLIP: System Level Interconnect Prediction', 'http://dl.acm.org/proceedings/slip/', 'CSE', 'ACM', NULL, 'online', NULL, NULL),
	(2365, 'SLIPE: Symposium on Language Issues in Programming Environments', 'http://dl.acm.org/proceedings/slipe/', 'CSE', 'ACM', NULL, 'online', NULL, NULL),
	(2366, 'SM: Solid Modelling and Applications', 'http://dl.acm.org/proceedings/sm/', 'CSE', 'ACM', NULL, 'online', NULL, NULL),
	(2367, 'SMARTGRAPH: Smart Graphics', 'http://dl.acm.org/proceedings/smartgraph/', 'CSE', 'ACM', NULL, 'online', NULL, NULL),
	(2368, 'SMCtools: Tools for Solving Structured Markov Chains', 'http://dl.acm.org/proceedings/smctools/', 'CSE', 'ACM', NULL, 'online', NULL, NULL),
	(2369, 'SMT: Satisfiability Modulo Theories', 'http://dl.acm.org/proceedings/smt/', 'CSE', 'ACM', NULL, 'online', NULL, NULL),
	(2370, 'SMUC: Search and Mining User-generated Contents', 'http://dl.acm.org/proceedings/smuc/', 'CSE', 'ACM', NULL, 'online', NULL, NULL),
	(2371, 'SMVC: Surreal Media and Virtual Cloning', 'http://dl.acm.org/proceedings/smvc/', 'CSE', 'ACM', NULL, 'online', NULL, NULL),
	(2372, 'SNA-KDD: Social Network Mining and Analysis', 'http://dl.acm.org/proceedings/sna-kdd/', 'CSE', 'ACM', NULL, 'online', NULL, NULL),
	(2373, 'SNAPI: Storage Network Architecture and Parallel I/Os', 'http://dl.acm.org/proceedings/snapi/', 'CSE', 'ACM', NULL, 'online', NULL, NULL),
	(2374, 'SNC: Symbolic-Numeric Computation', 'http://dl.acm.org/proceedings/snc/', 'CSE', 'ACM', NULL, 'online', NULL, NULL),
	(2375, 'SNS: Social Network Systems', 'http://dl.acm.org/proceedings/sns/', 'CSE', 'ACM', NULL, 'online', NULL, NULL),
	(2376, 'SOAR: Self-organizing Architectures', 'http://dl.acm.org/proceedings/soar/', 'CSE', 'ACM', NULL, 'online', NULL, NULL),
	(2377, 'SOCP: Service-oriented Computing Performance', 'http://dl.acm.org/proceedings/socp/', 'CSE', 'ACM', NULL, 'online', NULL, NULL),
	(2378, 'SODA: Symposium on Discrete Algorithms', 'http://dl.acm.org/proceedings/soda/', 'CSE', 'ACM', NULL, 'online', NULL, NULL),
	(2379, 'SOMITAS: Software Organisation and Monitoring of Ambient Systems', 'http://dl.acm.org/proceedings/somitas/', 'CSE', 'ACM', NULL, 'online', NULL, NULL),
	(2380, 'SOQUA: Software Quality Assurance', 'http://dl.acm.org/proceedings/soqua/', 'CSE', 'ACM', NULL, 'online', NULL, NULL),
	(2381, 'SOSE: Service-Oriented Software Engineering', 'http://dl.acm.org/proceedings/sose/', 'CSE', 'ACM', NULL, 'online', NULL, NULL),
	(2382, 'SOSOC: Security in Opportunistic and Social networks', 'http://dl.acm.org/proceedings/sosoc/', 'CSE', 'ACM', NULL, 'online', NULL, NULL),
	(2383, 'SOSP: Symposium on Operating Systems Principles', 'http://dl.acm.org/proceedings/sosp/', 'CSE', 'ACM', NULL, 'online', NULL, NULL),
	(2384, 'SOUPS: Symposium on Usable Privacy and Security', 'http://dl.acm.org/proceedings/soups/', 'CSE', 'ACM', NULL, 'online', NULL, NULL),
	(2385, 'SP: Security and Privacy', 'http://dl.acm.org/proceedings/sp/', 'CSE', 'ACM', NULL, 'online', NULL, NULL),
	(2386, 'SPAA: Symposium on Parallelism in Algorithms and Architectures', 'http://dl.acm.org/proceedings/spaa/', 'CSE', 'ACM', NULL, 'online', NULL, NULL),
	(2387, 'SPDT: Parallel and Distributed Tools', 'http://dl.acm.org/proceedings/spdt/', 'CSE', 'ACM', NULL, 'online', NULL, NULL),
	(2388, 'SPIMACS: Security and Privacy in Medical and Home-Care Systems', 'http://dl.acm.org/proceedings/spimacs/', 'CSE', 'ACM', NULL, 'online', NULL, NULL),
	(2389, 'SPIN: SPIN workshop on Model Checking of Software', 'http://dl.acm.org/proceedings/spin/', 'CSE', 'ACM', NULL, 'online', NULL, NULL),
	(2390, 'SPLASH: Object-Oriented Programming Systems, Languages, and Applications', 'http://dl.acm.org/proceedings/splash/', 'CSE', 'ACM', NULL, 'online', NULL, NULL),
	(2391, 'SPLAT: Software Engineering Properties of Languages and Aspect Technologies', 'http://dl.acm.org/proceedings/splat/', 'CSE', 'ACM', NULL, 'online', NULL, NULL),
	(2392, 'SPM: Geometric and Physical Modeling', 'http://dl.acm.org/proceedings/spm/', 'CSE', 'ACM', NULL, 'online', NULL, NULL),
	(2393, 'SPRINGL: Security and Privacy in GIS and LBS', 'http://dl.acm.org/proceedings/springl/', 'CSE', 'ACM', NULL, 'online', NULL, NULL),
	(2394, 'SRMC: Story Representation, Mechanism and Context', 'http://dl.acm.org/proceedings/srmc/', 'CSE', 'ACM', NULL, 'online', NULL, NULL),
	(2395, 'SSCS: Searching Spontaneous COnversational Speech', 'http://dl.acm.org/proceedings/sscs/', 'CSE', 'ACM', NULL, 'online', NULL, NULL),
	(2396, 'SSEE: Summit on Software Engineering Eductation', 'http://dl.acm.org/proceedings/ssee/', 'CSE', 'ACM', NULL, 'online', NULL, NULL),
	(2397, 'SSM: Search in Social Media', 'http://dl.acm.org/proceedings/ssm/', 'CSE', 'ACM', NULL, 'online', NULL, NULL),
	(2398, 'SSPS: Scalable Stream Processing System', 'http://dl.acm.org/proceedings/ssps/', 'CSE', 'ACM', NULL, 'online', NULL, NULL),
	(2399, 'SSPW: Social Signal Processing', 'http://dl.acm.org/proceedings/sspw/', 'CSE', 'ACM', NULL, 'online', NULL, NULL),
	(2400, 'SSR: Symposium on Software Reusability', 'http://dl.acm.org/proceedings/ssr/', 'CSE', 'ACM', NULL, 'online', NULL, NULL),
	(2401, 'SSRS: Survivable and Self-Regenerative Systems', 'http://dl.acm.org/proceedings/ssrs/', 'CSE', 'ACM', NULL, 'online', NULL, NULL),
	(2402, 'STC: Scalable Trusted Computing', 'http://dl.acm.org/proceedings/stc/', 'CSE', 'ACM', NULL, 'online', NULL, NULL),
	(2403, 'STOC: Symposium on Theory of Computing', 'http://dl.acm.org/proceedings/stoc/', 'CSE', 'ACM', NULL, 'online', NULL, NULL),
	(2404, 'STOP: Script to Program Evolution', 'http://dl.acm.org/proceedings/stop/', 'CSE', 'ACM', NULL, 'online', NULL, NULL),
	(2405, 'STOV: Software Test Output Validation', 'http://dl.acm.org/proceedings/stov/', 'CSE', 'ACM', NULL, 'online', NULL, NULL),
	(2406, 'SUITE: Search-driven Development: Users, Infrastructure, Tools and Evaluation', 'http://dl.acm.org/proceedings/suite/', 'CSE', 'ACM', NULL, 'online', NULL, NULL),
	(2407, 'SVR: SIGGRAPH Video Review', 'http://dl.acm.org/proceedings/svr/', 'CSE', 'ACM', NULL, 'online', NULL, NULL),
	(2408, 'SWS: Secure Web Services', 'http://dl.acm.org/proceedings/sws/', 'CSE', 'ACM', NULL, 'online', NULL, NULL),
	(2409, 'SWSM: Social Web Search and Mining', 'http://dl.acm.org/proceedings/swsm/', 'CSE', 'ACM', NULL, 'online', NULL, NULL),
	(2410, 'SYANCO: Synthesis and Analysis of Component Connectors', 'http://dl.acm.org/proceedings/syanco/', 'CSE', 'ACM', NULL, 'online', NULL, NULL),
	(2411, 'SYMSAC: Symposium on Symbolic and Algebraic Computation', 'http://dl.acm.org/proceedings/symsac/', 'CSE', 'ACM', NULL, 'online', NULL, NULL),
	(2412, 'SYSTOR: Experimental Systems Conference', 'http://dl.acm.org/proceedings/systor/', 'CSE', 'ACM', NULL, 'online', NULL, NULL),
	(2413, 'SafeConfig: Assurable and Usable Security Configuration', 'http://dl.acm.org/proceedings/safeconfig/', 'CSE', 'ACM', NULL, 'online', NULL, NULL),
	(2414, 'Sandbox: Symposium on Video Games', 'http://dl.acm.org/proceedings/sandbox/', 'CSE', 'ACM', NULL, 'online', NULL, NULL),
	(2415, 'SecPerU: Security, Privacy and Trust in Pervasive and Ubiquitous Computing', 'http://dl.acm.org/proceedings/secperu/', 'CSE', 'ACM', NULL, 'online', NULL, NULL),
	(2416, 'SecuCode: Secure Execution of Untrusted Code', 'http://dl.acm.org/proceedings/secucode/', 'CSE', 'ACM', NULL, 'online', NULL, NULL),
	(2417, 'SecureComm: Security and Privacy in Communication Netowrks', 'http://dl.acm.org/proceedings/securecomm/', 'CSE', 'ACM', NULL, 'online', NULL, NULL),
	(2418, 'SenSys: Embedded Networked Sensor Systems', 'http://dl.acm.org/proceedings/sensys/', 'CSE', 'ACM', NULL, 'online', NULL, NULL),
	(2419, 'SensorKDD: Knowledge Discovery from Sensor Data', 'http://dl.acm.org/proceedings/sensorkdd/', 'CSE', 'ACM', NULL, 'online', NULL, NULL),
	(2420, 'SoCC: Cloud Computing', 'http://dl.acm.org/proceedings/socc/', 'CSE', 'ACM', NULL, 'online', NULL, NULL),
	(2421, 'SoCG: Computational Geometry', 'http://dl.acm.org/proceedings/socg/', 'CSE', 'ACM', NULL, 'online', 'ISSN-1235', NULL),
	(2422, 'SoD: Science of Design', 'http://dl.acm.org/proceedings/sod/', 'CSE', 'ACM', NULL, 'online', NULL, NULL),
	(2423, 'SoICT: Information and Communication Technology', 'http://dl.acm.org/proceedings/soict/', 'CSE', 'ACM', NULL, 'online', NULL, NULL),
	(2424, 'SoSEA: Social Software Engineering Applications', 'http://dl.acm.org/proceedings/sosea/', 'CSE', 'ACM', NULL, 'online', NULL, NULL),
	(2425, 'SocialNets: Social Network Systems', 'http://dl.acm.org/proceedings/socialnets/', 'CSE', 'ACM', NULL, 'online', NULL, NULL),
	(2426, 'SoftVis: Software Visualization', 'http://dl.acm.org/proceedings/softvis/', 'CSE', 'ACM', NULL, 'online', NULL, NULL),
	(2427, 'SpringSim: Spring Simulation Multiconference', 'http://dl.acm.org/proceedings/springsim/', 'CSE', 'ACM', NULL, 'online', NULL, NULL),
	(2428, 'StReBio: Statistical and Relational Learning in Bioinformatics', 'http://dl.acm.org/proceedings/strebio/', 'CSE', 'ACM', NULL, 'online', NULL, NULL),
	(2429, 'StorageSS: Storage Security and Survivability', 'http://dl.acm.org/proceedings/storagess/', 'CSE', 'ACM', NULL, 'online', NULL, NULL),
	(2430, 'StreamKDD: Novel Data Stream Pattern Mining Techniques', 'http://dl.acm.org/proceedings/streamkdd/', 'CSE', 'ACM', NULL, 'online', NULL, NULL),
	(2431, 'TAMODIA: Task Models and Diagrams', 'http://dl.acm.org/proceedings/tamodia/', 'CSE', 'ACM', NULL, 'online', NULL, NULL),
	(2432, 'TAPAS: Technology and Policy for Accessing Spectrum', 'http://dl.acm.org/proceedings/tapas/', 'CSE', 'ACM', NULL, 'online', NULL, NULL),
	(2433, 'TAPIA: Diversity in Computing', 'http://dl.acm.org/proceedings/tapia/', 'CSE', 'ACM', NULL, 'online', NULL, NULL),
	(2434, 'TAPP: Theory and Practice of Provenance', 'http://dl.acm.org/proceedings/tapp/', 'CSE', 'ACM', NULL, 'online', NULL, NULL),
	(2435, 'TARK: Theoretical Aspects of Rationality and Knowledge', 'http://dl.acm.org/proceedings/tark/', 'CSE', 'ACM', NULL, 'online', NULL, NULL),
	(2436, 'TAU: Timing Iissues in the Specification and Synthesis of Digital Systems', 'http://dl.acm.org/proceedings/tau/', 'CSE', 'ACM', NULL, 'online', NULL, NULL),
	(2437, 'TAV: Testing, Analysis and Verification', 'http://dl.acm.org/proceedings/tav/', 'CSE', 'ACM', NULL, 'online', NULL, NULL),
	(2438, 'TEFSE: Traceability in Emerging Forms of Software Engineering', 'http://dl.acm.org/proceedings/tefse/', 'CSE', 'ACM', NULL, 'online', NULL, NULL),
	(2439, 'TEI: Tangible and Embedded Interaction', 'http://dl.acm.org/proceedings/tei/', 'CSE', 'ACM', NULL, 'online', NULL, NULL),
	(2440, 'TG: TeraGrid', 'http://dl.acm.org/proceedings/tg/', 'CSE', 'ACM', NULL, 'online', NULL, NULL),
	(2441, 'TINLAP: Theoretical Issues in Natural Language Processing', 'http://dl.acm.org/proceedings/tinlap/', 'CSE', 'ACM', NULL, 'online', NULL, NULL),
	(2442, 'TLDI: Types in Language Design and Implentation', 'http://dl.acm.org/proceedings/tldi/', 'CSE', 'ACM', NULL, 'online', NULL, NULL),
	(2443, 'TMBIO: Text Mining in Bioinformatics', 'http://dl.acm.org/proceedings/tmbio/', 'CSE', 'ACM', NULL, 'online', NULL, NULL),
	(2444, 'TMR: Tagging, Mining and Retrieval', 'http://dl.acm.org/proceedings/tmr/', 'CSE', 'ACM', NULL, 'online', NULL, NULL),
	(2445, 'TRI-Ada: TRI-Ada', 'http://dl.acm.org/proceedings/tri-ada/', 'CSE', 'ACM', NULL, 'online', NULL, NULL),
	(2446, 'TSA: Topic-Sentiment Analysis for Mass Opinion', 'http://dl.acm.org/proceedings/tsa/', 'CSE', 'ACM', NULL, 'online', NULL, NULL),
	(2447, 'TT: Software Technology Transfer in Software Engineering', 'http://dl.acm.org/proceedings/tt/', 'CSE', 'ACM', NULL, 'online', NULL, NULL),
	(2448, 'TVS: TRECVid Video Summarization', 'http://dl.acm.org/proceedings/tvs/', 'CSE', 'ACM', NULL, 'online', NULL, NULL),
	(2449, 'TridentCom: Testbeds and Research Infrastructures for the Development of Networks & Communities', 'http://dl.acm.org/proceedings/tridentcom/', 'CSE', 'ACM', NULL, 'online', NULL, NULL),
	(2450, 'U-NET: User-Provided Networking', 'http://dl.acm.org/proceedings/u-net/', 'CSE', 'ACM', NULL, 'online', NULL, NULL),
	(2451, 'U: Knowledge Discovery from Uncertain Data', 'http://dl.acm.org/proceedings/u/', 'CSE', 'ACM', NULL, 'online', NULL, NULL),
	(2452, 'UBDM: Utility-Based Data Mining', 'http://dl.acm.org/proceedings/ubdm/', 'CSE', 'ACM', NULL, 'online', NULL, NULL),
	(2453, 'UCHPC-MAW: UnConventional High Performance Computing Workshop plus Memory Access Workshop', 'http://dl.acm.org/proceedings/uchpc-maw/', 'CSE', 'ACM', NULL, 'online', NULL, NULL),
	(2454, 'UCVP: Use of Context in Vision Processing', 'http://dl.acm.org/proceedings/ucvp/', 'CSE', 'ACM', NULL, 'online', NULL, NULL),
	(2455, 'UIST: User Interface Software and Technology', 'http://dl.acm.org/proceedings/uist/', 'CSE', 'ACM', NULL, 'online', NULL, NULL),
	(2456, 'ULSSIS: Ultra-Large-Scale Software-Intensive Systems', 'http://dl.acm.org/proceedings/ulssis/', 'CSE', 'ACM', NULL, 'online', NULL, NULL),
	(2457, 'UML: Unified Modeling Language', 'http://dl.acm.org/proceedings/uml/', 'CSE', 'ACM', NULL, 'online', NULL, NULL),
	(2458, 'UODIGS: User-Oriented Design of Interactive Graphics Systems', 'http://dl.acm.org/proceedings/uodigs/', 'CSE', 'ACM', NULL, 'online', NULL, NULL),
	(2459, 'UP: Useful Patterns', 'http://dl.acm.org/proceedings/up/', 'CSE', 'ACM', NULL, 'online', NULL, NULL),
	(2460, 'UPGRADE: Use of P2P, GRID and Agents for the Development of Content Networks', 'http://dl.acm.org/proceedings/upgrade/', 'CSE', 'ACM', NULL, 'online', NULL, NULL),
	(2461, 'UXTV: Designing Interactive User Experiences for TV and Video', 'http://dl.acm.org/proceedings/uxtv/', 'CSE', 'ACM', NULL, 'online', NULL, NULL),
	(2462, 'UbiComp: Ubiquitous Computing', 'http://dl.acm.org/proceedings/ubicomp/', 'CSE', 'ACM', NULL, 'online', NULL, NULL),
	(2463, 'UbiMob: Mobility and Ubiquity Computing', 'http://dl.acm.org/proceedings/ubimob/', 'CSE', 'ACM', NULL, 'online', NULL, NULL),
	(2464, 'UltraVis: Ultrascale Visualization', 'http://dl.acm.org/proceedings/ultravis/', 'CSE', 'ACM', NULL, 'online', NULL, NULL),
	(2465, 'VAKD: Visual Analytics and Knowledge Discovery', 'http://dl.acm.org/proceedings/vakd/', 'CSE', 'ACM', NULL, 'online', NULL, NULL),
	(2466, 'VANET: VehiculAr InterNETworking', 'http://dl.acm.org/proceedings/vanet/', 'CSE', 'ACM', NULL, 'online', NULL, NULL),
	(2467, 'VAST: Visual Analytics Science and Technology', 'http://dl.acm.org/proceedings/vast/', 'CSE', 'ACM', NULL, 'online', NULL, NULL),
	(2468, 'VDTS: Virtualization Technology for Dependable Systems', 'http://dl.acm.org/proceedings/vdts/', 'CSE', 'ACM', NULL, 'online', NULL, NULL),
	(2469, 'VEE: Virtual Execution Environments', 'http://dl.acm.org/proceedings/vee/', 'CSE', 'ACM', NULL, 'online', NULL, NULL),
	(2470, 'VG: Volume Graphics', 'http://dl.acm.org/proceedings/vg/', 'CSE', 'ACM', NULL, 'online', NULL, NULL),
	(2471, 'VIS: Visualization', 'http://dl.acm.org/proceedings/vis/', 'CSE', 'ACM', NULL, 'online', NULL, NULL),
	(2472, 'VISA: Virtualized Infrastructure Systems and Architectures', 'http://dl.acm.org/proceedings/visa/', 'CSE', 'ACM', NULL, 'online', NULL, NULL),
	(2473, 'VISSYM: Symposium on Data Visualisation', 'http://dl.acm.org/proceedings/vissym/', 'CSE', 'ACM', NULL, 'online', NULL, NULL),
	(2474, 'VLDB: Very Large Data Bases', 'http://dl.acm.org/proceedings/vldb/', 'CSE', 'ACM', NULL, 'online', NULL, NULL),
	(2475, 'VLS-MCMR: Very-Large-Scale Multimedia Corpus, Mining and Retrieval', 'http://dl.acm.org/proceedings/vls-mcmr/', 'CSE', 'ACM', NULL, 'online', NULL, NULL),
	(2476, 'VMIL: Virtual Machines and Intermediate Languages', 'http://dl.acm.org/proceedings/vmil/', 'CSE', 'ACM', NULL, 'online', NULL, NULL),
	(2477, 'VMSec: Virtual Machine Security', 'http://dl.acm.org/proceedings/vmsec/', 'CSE', 'ACM', NULL, 'online', NULL, NULL),
	(2478, 'VNBA: Vision Networks for Behaviour Analysis', 'http://dl.acm.org/proceedings/vnba/', 'CSE', 'ACM', NULL, 'online', NULL, NULL),
	(2479, 'VRCAI: Virtual Reality Continuum and its Applications in Industry', 'http://dl.acm.org/proceedings/vrcai/', 'CSE', 'ACM', NULL, 'online', NULL, NULL),
	(2480, 'VRML: Virtual Reality Modeling Language', 'http://dl.acm.org/proceedings/vrml/', 'CSE', 'ACM', NULL, 'online', NULL, NULL),
	(2481, 'VRST: Virtual Reality Software and Technology', 'http://dl.acm.org/proceedings/vrst/', 'CSE', 'ACM', NULL, 'online', NULL, NULL),
	(2482, 'VSSN: Video Surveillance and Sensor Networks', 'http://dl.acm.org/proceedings/vssn/', 'CSE', 'ACM', NULL, 'online', NULL, NULL),
	(2483, 'VTDC: Virtualization Technology in Distributed Computing', 'http://dl.acm.org/proceedings/vtdc/', 'CSE', 'ACM', NULL, 'online', NULL, NULL),
	(2484, 'VVS: Symposium on Volume Visualization', 'http://dl.acm.org/proceedings/vvs/', 'CSE', 'ACM', NULL, 'online', NULL, NULL),
	(2485, 'ValueTools: Performance Evaluation Methodologies and Tools', 'http://dl.acm.org/proceedings/valuetools/', 'CSE', 'ACM', NULL, 'online', NULL, NULL),
	(2486, 'Valuetools: Performance Evaluation Methodologies and Tools', 'http://dl.acm.org/proceedings/valuetools/', 'CSE', 'ACM', NULL, 'online', NULL, NULL),
	(2487, 'VizSEC: Visualization for Computer Security', 'http://dl.acm.org/proceedings/vizsec/', 'CSE', 'ACM', NULL, 'online', NULL, NULL),
	(2488, 'VizSec: Visualization for Cyber Security', 'http://dl.acm.org/proceedings/vizsec/', 'CSE', 'ACM', NULL, 'online', NULL, NULL),
	(2489, 'WA: Web Accessibility', 'http://dl.acm.org/proceedings/wa/', 'CSE', 'ACM', NULL, 'online', NULL, NULL),
	(2490, 'WACC: Work Activities Coordination and Collaboration', 'http://dl.acm.org/proceedings/wacc/', 'CSE', 'ACM', NULL, 'online', NULL, NULL),
	(2491, 'WADAS: Washington Ada symposium on Ada', 'http://dl.acm.org/proceedings/wadas/', 'CSE', 'ACM', NULL, 'online', NULL, NULL),
	(2492, 'WADS: Workshop on Architecting Dependable Systems', 'http://dl.acm.org/proceedings/wads/', 'CSE', 'ACM', NULL, 'online', NULL, NULL),
	(2493, 'WBIA: Workshop on Binary Instrumentation and Applications', 'http://dl.acm.org/proceedings/wbia/', 'CSE', 'ACM', NULL, 'online', NULL, NULL),
	(2494, 'WBMA: Biometrics Methods and Applications', 'http://dl.acm.org/proceedings/wbma/', 'CSE', 'ACM', NULL, 'online', NULL, NULL),
	(2495, 'WCAE: Computer Architecture Education', 'http://dl.acm.org/proceedings/wcae/', 'CSE', 'ACM', NULL, 'online', NULL, NULL),
	(2496, 'WCCCE: Computing Education', 'http://dl.acm.org/proceedings/wccce/', 'CSE', 'ACM', NULL, 'online', NULL, NULL),
	(2497, 'WCFLP: Workshop on Curry and Functional Logic Programming', 'http://dl.acm.org/proceedings/wcflp/', 'CSE', 'ACM', NULL, 'online', NULL, NULL),
	(2498, 'WDTN: Delay-Tolerant Networking', 'http://dl.acm.org/proceedings/wdtn/', 'CSE', 'ACM', NULL, 'online', NULL, NULL),
	(2499, 'WEASELTech: Empirical Assessment of Software Engineering Languages and Technologies', 'http://dl.acm.org/proceedings/weaseltech/', 'CSE', 'ACM', NULL, 'online', NULL, NULL),
	(2500, 'WEH: Exception Handling', 'http://dl.acm.org/proceedings/weh/', 'CSE', 'ACM', NULL, 'online', NULL, NULL),
	(2501, 'WESS: Workshop on Embedded Systems Security', 'http://dl.acm.org/proceedings/wess/', 'CSE', 'ACM', NULL, 'online', NULL, NULL),
	(2502, 'WETSoM: Workshop on Emerging Trends in Software Metrics', 'http://dl.acm.org/proceedings/wetsom/', 'CSE', 'ACM', NULL, 'online', NULL, NULL),
	(2503, 'WEUSE: Workshop on End-User Software Engineering', 'http://dl.acm.org/proceedings/weuse/', 'CSE', 'ACM', NULL, 'online', NULL, NULL),
	(2504, 'WEWST: Workshop on Enhanced Web Service Technologies', 'http://dl.acm.org/proceedings/wewst/', 'CSE', 'ACM', NULL, 'online', NULL, NULL),
	(2505, 'WGP: Workshop on Generic Programming', 'http://dl.acm.org/proceedings/wgp/', 'CSE', 'ACM', NULL, 'online', NULL, NULL),
	(2506, 'WH: Wireless Health', 'http://dl.acm.org/proceedings/wh/', 'CSE', 'ACM', NULL, 'online', NULL, NULL),
	(2507, 'WHPCF: High Performance Computational Finance', 'http://dl.acm.org/proceedings/whpcf/', 'CSE', 'ACM', NULL, 'online', NULL, NULL),
	(2508, 'WI-IATW: Web Intelligence and Intelligent Agent Technology', 'http://dl.acm.org/proceedings/wi-iatw/', 'CSE', 'ACM', NULL, 'online', NULL, NULL),
	(2509, 'WI: Web Intelligence', 'http://dl.acm.org/proceedings/wi/', 'CSE', 'ACM', NULL, 'online', NULL, NULL),
	(2510, 'WICON: Wireless internet', 'http://dl.acm.org/proceedings/wicon/', 'CSE', 'ACM', NULL, 'online', NULL, NULL),
	(2511, 'WICOW: Information Credibility on the Web', 'http://dl.acm.org/proceedings/wicow/', 'CSE', 'ACM', NULL, 'online', NULL, NULL),
	(2512, 'WIDM: Web Information and Data Management', 'http://dl.acm.org/proceedings/widm/', 'CSE', 'ACM', NULL, 'online', NULL, NULL),
	(2513, 'WIESS: Industrial Experiences with Systems Software', 'http://dl.acm.org/proceedings/wiess/', 'CSE', 'ACM', NULL, 'online', NULL, NULL),
	(2514, 'WINITS: Wireless Networking for Intelligent Transportation Systems', 'http://dl.acm.org/proceedings/winits/', 'CSE', 'ACM', NULL, 'online', NULL, NULL),
	(2515, 'WINTECH: Exerimental Evaluation and Characterization', 'http://dl.acm.org/proceedings/wintech/', 'CSE', 'ACM', NULL, 'online', NULL, NULL),
	(2516, 'WISER: Workshop on Interdisciplinary Software Engineering Research', 'http://dl.acm.org/proceedings/wiser/', 'CSE', 'ACM', NULL, 'online', NULL, NULL),
	(2517, 'WISG: Workshop on Information Security Governance', 'http://dl.acm.org/proceedings/wisg/', 'CSE', 'ACM', NULL, 'online', NULL, NULL),
	(2518, 'WISTP: Information Security Theory and Practices', 'http://dl.acm.org/proceedings/wistp/', 'CSE', 'ACM', NULL, 'online', NULL, NULL),
	(2519, 'WITS: Issues in the Theory of Security', 'http://dl.acm.org/proceedings/wits/', 'CSE', 'ACM', NULL, 'online', NULL, NULL),
	(2520, 'WMASH: Wireless Mobile Applications and Services on WLAN Hotspots', 'http://dl.acm.org/proceedings/wmash/', 'CSE', 'ACM', NULL, 'online', NULL, NULL),
	(2521, 'WMC: Workshop on Mobile Commerce', 'http://dl.acm.org/proceedings/wmc/', 'CSE', 'ACM', NULL, 'online', NULL, NULL),
	(2522, 'WMI: Wireless Mobile Internet', 'http://dl.acm.org/proceedings/wmi/', 'CSE', 'ACM', NULL, 'online', NULL, NULL),
	(2523, 'WMISI: Workshop on Multimodal Interfaces in Semantic Interaction', 'http://dl.acm.org/proceedings/wmisi/', 'CSE', 'ACM', NULL, 'online', NULL, NULL),
	(2524, 'WMPI: Memory Performance Issues', 'http://dl.acm.org/proceedings/wmpi/', 'CSE', 'ACM', NULL, 'online', NULL, NULL),
	(2525, 'WMUPS: Middleware for Ubiquitous and Pervasive Systems', 'http://dl.acm.org/proceedings/wmups/', 'CSE', 'ACM', NULL, 'online', NULL, NULL),
	(2526, 'WMuNeP: Wireless Multimedia and Performance Modeling', 'http://dl.acm.org/proceedings/wmunep/', 'CSE', 'ACM', NULL, 'online', NULL, NULL),
	(2527, 'WNS: Workshop on NS-2: the IP Network Simulator', 'http://dl.acm.org/proceedings/wns/', 'CSE', 'ACM', NULL, 'online', NULL, NULL),
	(2528, 'WOCCI: Workshop on Child, Computer and Interaction', 'http://dl.acm.org/proceedings/wocci/', 'CSE', 'ACM', NULL, 'online', NULL, NULL),
	(2529, 'WODA: Workshop on Dynamic Analysis', 'http://dl.acm.org/proceedings/woda/', 'CSE', 'ACM', NULL, 'online', NULL, NULL),
	(2530, 'WORKS: Workflows in Support of Large-Scale Science', 'http://dl.acm.org/proceedings/works/', 'CSE', 'ACM', NULL, 'online', NULL, NULL),
	(2531, 'WORM: Workshop on Recurring Malcode', 'http://dl.acm.org/proceedings/worm/', 'CSE', 'ACM', NULL, 'online', NULL, NULL),
	(2532, 'WOSN: Online Social Networks', 'http://dl.acm.org/proceedings/wosn/', 'CSE', 'ACM', NULL, 'online', NULL, NULL),
	(2533, 'WOSP: Software and Performance', 'http://dl.acm.org/proceedings/wosp/', 'CSE', 'ACM', NULL, 'online', NULL, NULL),
	(2534, 'WOSS: Self-Managed Systems', 'http://dl.acm.org/proceedings/woss/', 'CSE', 'ACM', NULL, 'online', NULL, NULL),
	(2535, 'WOSSE: Workshop on Open Source Software Engineering', 'http://dl.acm.org/proceedings/wosse/', 'CSE', 'ACM', NULL, 'online', NULL, NULL),
	(2536, 'WOWMOM: Workshop on Wireless Mobile Multimedia', 'http://dl.acm.org/proceedings/wowmom/', 'CSE', 'ACM', NULL, 'online', NULL, NULL),
	(2537, 'WPES: Workshop on Privacy in the Electronic Society', 'http://dl.acm.org/proceedings/wpes/', 'CSE', 'ACM', NULL, 'online', NULL, NULL),
	(2538, 'WRAITS: Recent Advances on Intrusion-Tolerant Systems', 'http://dl.acm.org/proceedings/wraits/', 'CSE', 'ACM', NULL, 'online', NULL, NULL),
	(2539, 'WRASQ: Workshop on Automating Service Quality', 'http://dl.acm.org/proceedings/wrasq/', 'CSE', 'ACM', NULL, 'online', NULL, NULL),
	(2540, 'WREFT: Workshop on Radiation Effects and Fault Tolerance in Nanometer Technologies', 'http://dl.acm.org/proceedings/wreft/', 'CSE', 'ACM', NULL, 'online', NULL, NULL),
	(2541, 'WREN: Research on Enterprise Networking', 'http://dl.acm.org/proceedings/wren/', 'CSE', 'ACM', NULL, 'online', NULL, NULL),
	(2542, 'WRT: Refactoring Tools', 'http://dl.acm.org/proceedings/wrt/', 'CSE', 'ACM', NULL, 'online', NULL, NULL),
	(2543, 'WS-REST: RESTful Design', 'http://dl.acm.org/proceedings/ws-rest/', 'CSE', 'ACM', NULL, 'online', NULL, NULL),
	(2544, 'WSC: Winter Simulation Conference', 'http://dl.acm.org/proceedings/wsc/', 'CSE', 'ACM', NULL, 'online', NULL, NULL),
	(2545, 'WSCD: Web Search Click Data', 'http://dl.acm.org/proceedings/wscd/', 'CSE', 'ACM', NULL, 'online', NULL, NULL),
	(2546, 'WSDM: Web Search and Data Mining', 'http://dl.acm.org/proceedings/wsdm/', 'CSE', 'ACM', NULL, 'online', NULL, NULL),
	(2547, 'WSM: Social Media', 'http://dl.acm.org/proceedings/wsm/', 'CSE', 'ACM', NULL, 'online', NULL, NULL),
	(2548, 'WSMC: Web-Scale Multimedia Corpus', 'http://dl.acm.org/proceedings/wsmc/', 'CSE', 'ACM', NULL, 'online', NULL, NULL),
	(2549, 'WSNA: Wireless Sensor Networks and Applications', 'http://dl.acm.org/proceedings/wsna/', 'CSE', 'ACM', NULL, 'online', NULL, NULL),
	(2550, 'WTAOP: Workshop on Testing Aspect-Oriented Programs', 'http://dl.acm.org/proceedings/wtaop/', 'CSE', 'ACM', NULL, 'online', NULL, NULL),
	(2551, 'WUAUC: Universal Accessibility of Ubiquitous Computing', 'http://dl.acm.org/proceedings/wuauc/', 'CSE', 'ACM', NULL, 'online', NULL, NULL),
	(2552, 'WUP: Warm Up Workshop for ACM/IEEE ICSE 2010', 'http://dl.acm.org/proceedings/wup/', 'CSE', 'ACM', NULL, 'online', NULL, NULL),
	(2553, 'WWW: World Wide Web', 'http://dl.acm.org/proceedings/www/', 'CSE', 'ACM', NULL, 'online', NULL, NULL),
	(2554, 'Wands: Workflow Approaches to New Data-centric Science', 'http://dl.acm.org/proceedings/wands/', 'CSE', 'ACM', NULL, 'online', NULL, NULL),
	(2555, 'Web3D: 3D Web Technology', 'http://dl.acm.org/proceedings/web3d/', 'CSE', 'ACM', NULL, 'online', NULL, NULL),
	(2556, 'WebDB: Web and Databases', 'http://dl.acm.org/proceedings/webdb/', 'CSE', 'ACM', NULL, 'online', NULL, NULL),
	(2557, 'WebKDD/SNA-KDD: Web Mining and Social Network Analysis', 'http://dl.acm.org/proceedings/webkdd/sna-kdd/', 'CSE', 'ACM', NULL, 'online', NULL, NULL),
	(2558, 'WebMedia: Multimedia and the Web', 'http://dl.acm.org/proceedings/webmedia/', 'CSE', 'ACM', NULL, 'online', NULL, NULL),
	(2559, 'WebSE: Workshop on Web 2.0 for Software Engineering', 'http://dl.acm.org/proceedings/webse/', 'CSE', 'ACM', NULL, 'online', NULL, NULL),
	(2560, 'WebScience: Collaborative and Collective Intelligence', 'http://dl.acm.org/proceedings/webscience/', 'CSE', 'ACM', NULL, 'online', NULL, NULL),
	(2561, 'WiMD: Medical Grade Wireless Networks', 'http://dl.acm.org/proceedings/wimd/', 'CSE', 'ACM', NULL, 'online', NULL, NULL),
	(2562, 'WiNS-DR: Wireless Networks and Systems for Developing Regions', 'http://dl.acm.org/proceedings/wins-dr/', 'CSE', 'ACM', NULL, 'online', NULL, NULL),
	(2563, 'WiNTECH: Wireless Network Tesbeds, Experimental Evaluation and Characterization', 'http://dl.acm.org/proceedings/wintech/', 'CSE', 'ACM', NULL, 'online', NULL, NULL),
	(2564, 'WiSE: Wireless Security', 'http://dl.acm.org/proceedings/wise/', 'CSE', 'ACM', NULL, 'online', NULL, NULL),
	(2565, 'WiSec: Wireless Network Security', 'http://dl.acm.org/proceedings/wisec/', 'CSE', 'ACM', NULL, 'online', NULL, NULL),
	(2566, 'WiTMeMo: Wireless Traffic Measurements and Modeling', 'http://dl.acm.org/proceedings/witmemo/', 'CSE', 'ACM', NULL, 'online', NULL, NULL),
	(2567, 'WikiSym: International Symposium on Wikis', 'http://dl.acm.org/proceedings/wikisym/', 'CSE', 'ACM', NULL, 'online', NULL, NULL),
	(2568, 'WoSQ: Workshop on Software Quality', 'http://dl.acm.org/proceedings/wosq/', 'CSE', 'ACM', NULL, 'online', NULL, NULL),
	(2569, 'WuWNeT: UnderWater Networks', 'http://dl.acm.org/proceedings/wuwnet/', 'CSE', 'ACM', NULL, 'online', NULL, NULL),
	(2570, 'XIME-P: XQuery Implementation, Experience and Perpectives', 'http://dl.acm.org/proceedings/xime-p/', 'CSE', 'ACM', NULL, 'online', NULL, NULL),
	(2571, 'XMLSEC: XML Security', 'http://dl.acm.org/proceedings/xmlsec/', 'CSE', 'ACM', NULL, 'online', NULL, NULL),
	(2572, 'dg.o: Digital Government Research', 'http://dl.acm.org/proceedings/dg.o/', 'CSE', 'ACM', NULL, 'online', NULL, NULL),
	(2573, 'e-Energy: Energy-Efficient Computing and Networking', 'http://dl.acm.org/proceedings/e-energy/', 'CSE', 'ACM', NULL, 'online', NULL, NULL),
	(2574, 'e-Forensics: Forensic Applications and Techniques in Telecommunications, Information, and Multimedia', 'http://dl.acm.org/proceedings/e-forensics/', 'CSE', 'ACM', NULL, 'online', NULL, NULL),
	(2575, 'eConf: e-Services and e-Systems', 'http://dl.acm.org/proceedings/econf/', 'CSE', 'ACM', NULL, 'online', NULL, NULL),
	(2576, 'eCrime: eCrime Researchers Summit', 'http://dl.acm.org/proceedings/ecrime/', 'CSE', 'ACM', NULL, 'online', NULL, NULL),
	(2577, 'eHeritage: eHeritage and Digital Art Preservation', 'http://dl.acm.org/proceedings/eheritage/', 'CSE', 'ACM', NULL, 'online', NULL, NULL),
	(2578, 'eclipse: eclipse Technology eXchange', 'http://dl.acm.org/proceedings/eclipse/', 'CSE', 'ACM', NULL, 'online', NULL, NULL),
	(2579, 'i-CREATe: Rehabilitation Engineering & Assistive Technology', 'http://dl.acm.org/proceedings/i-create/', 'CSE', 'ACM', NULL, 'online', NULL, NULL),
	(2580, 'iNEWS: Improving Non English Web Searching', 'http://dl.acm.org/proceedings/inews/', 'CSE', 'ACM', NULL, 'online', NULL, NULL),
	(2581, 'iiWAS: Information Integration and Web-based Applications & Services', 'http://dl.acm.org/proceedings/iiwas/', 'CSE', 'ACM', NULL, 'online', NULL, NULL),
	(2582, 'mmCom: mmWave communications', 'http://dl.acm.org/proceedings/mmcom/', 'CSE', 'ACM', NULL, 'online', NULL, NULL),
	(2583, 'sOc-EUSAI: Smart Objects and Ambient Intelligence', 'http://dl.acm.org/proceedings/soc-eusai/', 'CSE', 'ACM', NULL, 'online', NULL, NULL),
	(2584, 'years of DAC: Years of DAC', 'http://dl.acm.org/proceedings/yearsofdac/', 'CSE', 'ACM', NULL, 'online', NULL, NULL),
	(3064, 'Journal of the A.I.E.E.', 'http://ieeexplore.ieee.org/servlet/opac?punumber=6528086', 'EEE', 'IEEE', NULL, 'online', NULL, NULL),
	(3065, 'IEEE Access', 'http://ieeexplore.ieee.org/servlet/opac?punumber=6287639', 'EEE', 'IEEE', NULL, 'online', NULL, NULL),
	(3066, 'IEEE Transactions on Acoustics, Speech, and Signal Processing', 'http://ieeexplore.ieee.org/servlet/opac?punumber=29', 'EEE', 'IEEE', NULL, 'online', NULL, NULL),
	(3067, 'IEEE Acoustics, Speech, and Signal Processing Newsletter', 'http://ieeexplore.ieee.org/servlet/opac?punumber=8342', 'EEE', 'IEEE', NULL, 'online', NULL, NULL),
	(3068, 'IEEE Transactions on Advanced Packaging', 'http://ieeexplore.ieee.org/servlet/opac?punumber=6040', 'EEE', 'IEEE', NULL, 'online', NULL, NULL),
	(3069, 'IRE Transactions on Aeronautical and Navigational Electronics', 'http://ieeexplore.ieee.org/servlet/opac?punumber=4201388', 'EEE', 'IEEE', NULL, 'online', NULL, NULL),
	(3070, 'Transactions of the IRE Professional Group on Aeronautical and Navigational Electronics', 'http://ieeexplore.ieee.org/servlet/opac?punumber=5062323', 'EEE', 'IEEE', NULL, 'online', NULL, NULL),
	(3071, 'IEEE Aerospace and Electronic Systems Magazine', 'http://ieeexplore.ieee.org/servlet/opac?punumber=62', 'EEE', 'IEEE', NULL, 'online', NULL, NULL),
	(3072, 'IEEE Transactions on Aerospace and Electronic Systems', 'http://ieeexplore.ieee.org/servlet/opac?punumber=7', 'EEE', 'IEEE', NULL, 'online', NULL, NULL),
	(3073, 'IEEE Transactions on Aerospace and Navigational Electronics', 'http://ieeexplore.ieee.org/servlet/opac?punumber=4319312', 'EEE', 'IEEE', NULL, 'online', NULL, NULL),
	(3074, 'IRE Transactions on Aerospace and Navigational Electronics', 'http://ieeexplore.ieee.org/servlet/opac?punumber=5483689', 'EEE', 'IEEE', NULL, 'online', NULL, NULL),
	(3075, 'IEEE Transactions on Aerospace', 'http://ieeexplore.ieee.org/servlet/opac?punumber=4319334', 'EEE', 'IEEE', NULL, 'online', NULL, NULL),
	(3076, 'IEEE Transactions on Affective Computing', 'http://ieeexplore.ieee.org/servlet/opac?punumber=5165369', 'EEE', 'IEEE', NULL, 'online', NULL, NULL),
	(3077, 'Transactions of the IRE Professional Group on Airborne Electronics', 'http://ieeexplore.ieee.org/servlet/opac?punumber=5062335', 'EEE', 'IEEE', NULL, 'online', NULL, NULL),
	(3078, 'Journal of the American Institute of Electrical Engineers', 'http://ieeexplore.ieee.org/servlet/opac?punumber=6530802', 'EEE', 'IEEE', NULL, 'online', NULL, NULL),
	(3079, 'Transactions of the American Institute of Electrical Engineers, Part I: Communication and Electronics', 'http://ieeexplore.ieee.org/servlet/opac?punumber=6367273', 'EEE', 'IEEE', NULL, 'online', NULL, NULL),
	(3080, 'Transactions of the American Institute of Electrical Engineers, Part II: Applications and Industry', 'http://ieeexplore.ieee.org/servlet/opac?punumber=6366379', 'EEE', 'IEEE', NULL, 'online', NULL, NULL),
	(3081, 'Proceedings of the American Institute of Electrical Engineers', 'http://ieeexplore.ieee.org/servlet/opac?punumber=6530810', 'EEE', 'IEEE', NULL, 'online', NULL, NULL),
	(3082, 'Transactions of the American Institute of Electrical Engineers', 'http://ieeexplore.ieee.org/servlet/opac?punumber=4763772', 'EEE', 'IEEE', NULL, 'online', NULL, NULL),
	(3083, 'Annals of the History of Computing', 'http://ieeexplore.ieee.org/servlet/opac?punumber=5488650', 'EEE', 'IEEE', NULL, 'online', NULL, NULL),
	(3084, 'IEEE Annals of the History of Computing', 'http://ieeexplore.ieee.org/servlet/opac?punumber=85', 'EEE', 'IEEE', NULL, 'online', NULL, NULL),
	(3085, 'IEEE Antennas and Propagation Group Newsletter', 'http://ieeexplore.ieee.org/servlet/opac?punumber=4545874', 'EEE', 'IEEE', NULL, 'online', NULL, NULL),
	(3086, 'IEEE Antennas and Propagation Magazine', 'http://ieeexplore.ieee.org/servlet/opac?punumber=74', 'EEE', 'IEEE', NULL, 'online', NULL, NULL),
	(3087, 'IEEE Professional Group on Antennas and Propagation Newsletter', 'http://ieeexplore.ieee.org/servlet/opac?punumber=5721922', 'EEE', 'IEEE', NULL, 'online', NULL, NULL),
	(3088, 'IEEE Professional Technical Group on Antennas and Propagation Newsletter', 'http://ieeexplore.ieee.org/servlet/opac?punumber=4545875', 'EEE', 'IEEE', NULL, 'online', NULL, NULL),
	(3089, 'IRE Professional Group on Antennas and Propagation Newsletter', 'http://ieeexplore.ieee.org/servlet/opac?punumber=8235', 'EEE', 'IEEE', NULL, 'online', NULL, NULL),
	(3090, 'IEEE Antennas and Propagation Society Newsletter', 'http://ieeexplore.ieee.org/servlet/opac?punumber=8233', 'EEE', 'IEEE', NULL, 'online', NULL, NULL),
	(3091, 'IEEE Transactions on Antennas and Propagation', 'http://ieeexplore.ieee.org/servlet/opac?punumber=8', 'EEE', 'IEEE', NULL, 'online', NULL, NULL),
	(3092, 'IRE Transactions on Antennas and Propagation', 'http://ieeexplore.ieee.org/servlet/opac?punumber=8234', 'EEE', 'IEEE', NULL, 'online', NULL, NULL),
	(3093, 'Transactions of the IRE Professional Group on Antennas and Propagation', 'http://ieeexplore.ieee.org/servlet/opac?punumber=8236', 'EEE', 'IEEE', NULL, 'online', NULL, NULL),
	(3094, 'IEEE Antennas and Wireless Propagation Letters', 'http://ieeexplore.ieee.org/servlet/opac?punumber=7727', 'EEE', 'IEEE', NULL, 'online', NULL, NULL),
	(3095, 'IEEE Transactions on Applications and Industry', 'http://ieeexplore.ieee.org/servlet/opac?punumber=5407695', 'EEE', 'IEEE', NULL, 'online', NULL, NULL),
	(3096, 'IEEE Transactions on Applied Superconductivity', 'http://ieeexplore.ieee.org/servlet/opac?punumber=77', 'EEE', 'IEEE', NULL, 'online', NULL, NULL),
	(3097, 'IEEE ASSP Magazine', 'http://ieeexplore.ieee.org/servlet/opac?punumber=53', 'EEE', 'IEEE', NULL, 'online', NULL, NULL),
	(3098, 'AT&T Bell Laboratories Technical Journal', 'http://ieeexplore.ieee.org/servlet/opac?punumber=6731004', 'EEE', 'IEEE', NULL, 'online', NULL, NULL),
	(3099, 'AT&T Technical Journal', 'http://ieeexplore.ieee.org/servlet/opac?punumber=6731003', 'EEE', 'IEEE', NULL, 'online', NULL, NULL),
	(3100, 'IEEE Audio and Electroacoustics Newsletter', 'http://ieeexplore.ieee.org/servlet/opac?punumber=8338', 'EEE', 'IEEE', NULL, 'online', NULL, NULL),
	(3101, 'IEEE Transactions on Audio and Electroacoustics', 'http://ieeexplore.ieee.org/servlet/opac?punumber=8337', 'EEE', 'IEEE', NULL, 'online', NULL, NULL),
	(3102, 'IEEE Transactions on Audio', 'http://ieeexplore.ieee.org/servlet/opac?punumber=8336', 'EEE', 'IEEE', NULL, 'online', NULL, NULL),
	(3103, 'IRE Transactions on Audio', 'http://ieeexplore.ieee.org/servlet/opac?punumber=8335', 'EEE', 'IEEE', NULL, 'online', NULL, NULL),
	(3104, 'Newsletter of the IRE Professional Group on Audio', 'http://ieeexplore.ieee.org/servlet/opac?punumber=8462', 'EEE', 'IEEE', NULL, 'online', NULL, NULL),
	(3105, 'IEEE Transactions on Audio, Speech, and Language Processing', 'http://ieeexplore.ieee.org/servlet/opac?punumber=10376', 'EEE', 'IEEE', NULL, 'online', NULL, NULL),
	(3106, 'IEEE/ACM Transactions on Audio, Speech, and Language Processing', 'http://ieeexplore.ieee.org/servlet/opac?punumber=6570655', 'EEE', 'IEEE', NULL, 'online', NULL, NULL),
	(3107, 'Transactions of the IRE Professional Group on Audio', 'http://ieeexplore.ieee.org/servlet/opac?punumber=8340', 'EEE', 'IEEE', NULL, 'online', NULL, NULL),
	(3108, 'IEEE Transactions on Automatic Control', 'http://ieeexplore.ieee.org/servlet/opac?punumber=9', 'EEE', 'IEEE', NULL, 'online', NULL, NULL),
	(3109, 'IRE Transactions on Automatic Control', 'http://ieeexplore.ieee.org/servlet/opac?punumber=8163', 'EEE', 'IEEE', NULL, 'online', NULL, NULL),
	(3110, 'IEEE/CAA Journal of Automatica Sinica', 'http://ieeexplore.ieee.org/servlet/opac?punumber=6570654', 'EEE', 'IEEE', NULL, 'online', NULL, NULL),
	(3111, 'IEEE Transactions on Automation Science and Engineering', 'http://ieeexplore.ieee.org/servlet/opac?punumber=8856', 'EEE', 'IEEE', NULL, 'online', NULL, NULL),
	(3112, 'IEEE Transactions on Autonomous Mental Development', 'http://ieeexplore.ieee.org/servlet/opac?punumber=4563672', 'EEE', 'IEEE', NULL, 'online', NULL, NULL),
	(3113, 'Bell Labs Technical Journal', 'http://ieeexplore.ieee.org/servlet/opac?punumber=6731002', 'EEE', 'IEEE', NULL, 'online', NULL, NULL),
	(3114, 'The Bell System Technical Journal', 'http://ieeexplore.ieee.org/servlet/opac?punumber=6731005', 'EEE', 'IEEE', NULL, 'online', NULL, NULL),
	(3115, 'IEEE Transactions on Big Data', 'http://ieeexplore.ieee.org/servlet/opac?punumber=6687317', 'EEE', 'IEEE', NULL, 'online', NULL, NULL),
	(3116, 'IEEE Transactions on Bio-medical Electronics', 'http://ieeexplore.ieee.org/servlet/opac?punumber=5483695', 'EEE', 'IEEE', NULL, 'online', NULL, NULL),
	(3117, 'IRE Transactions on Bio-Medical Electronics', 'http://ieeexplore.ieee.org/servlet/opac?punumber=4322768', 'EEE', 'IEEE', NULL, 'online', NULL, NULL),
	(3118, 'IEEE Journal of Biomedical and Health Informatics', 'http://ieeexplore.ieee.org/servlet/opac?punumber=6221020', 'EEE', 'IEEE', NULL, 'online', NULL, NULL),
	(3119, 'IEEE Transactions on Biomedical Circuits and Systems', 'http://ieeexplore.ieee.org/servlet/opac?punumber=4156126', 'EEE', 'IEEE', NULL, 'online', NULL, NULL),
	(3120, 'IEEE Reviews in Biomedical Engineering', 'http://ieeexplore.ieee.org/servlet/opac?punumber=4664312', 'EEE', 'IEEE', NULL, 'online', NULL, NULL),
	(3121, 'IEEE Transactions on Biomedical Engineering', 'http://ieeexplore.ieee.org/servlet/opac?punumber=10', 'EEE', 'IEEE', NULL, 'online', NULL, NULL),
	(3122, 'IEEE Biometrics Compendium', 'http://ieeexplore.ieee.org/servlet/opac?punumber=5541976', 'EEE', 'IEEE', NULL, 'online', NULL, NULL),
	(3123, 'IET Biometrics', 'http://ieeexplore.ieee.org/servlet/opac?punumber=6072579', 'EEE', 'IEEE', NULL, 'online', NULL, NULL),
	(3124, 'IEEE Transactions on Broadcast and Television Receivers', 'http://ieeexplore.ieee.org/servlet/opac?punumber=4079767', 'EEE', 'IEEE', NULL, 'online', NULL, NULL),
	(3125, 'IRE Transactions on Broadcast and Television Receivers', 'http://ieeexplore.ieee.org/servlet/opac?punumber=4502897', 'EEE', 'IEEE', NULL, 'online', NULL, NULL),
	(3126, 'Transactions of the IRE Professional Group on Broadcast and Television Receivers', 'http://ieeexplore.ieee.org/servlet/opac?punumber=4505045', 'EEE', 'IEEE', NULL, 'online', NULL, NULL),
	(3127, 'IRE Transactions on Broadcast Transmission Systems', 'http://ieeexplore.ieee.org/servlet/opac?punumber=4505116', 'EEE', 'IEEE', NULL, 'online', NULL, NULL),
	(3128, 'IEEE Transactions on Broadcasting', 'http://ieeexplore.ieee.org/servlet/opac?punumber=11', 'EEE', 'IEEE', NULL, 'online', NULL, NULL),
	(3129, 'IRE Transactions on Broadcasting', 'http://ieeexplore.ieee.org/servlet/opac?punumber=4501502', 'EEE', 'IEEE', NULL, 'online', NULL, NULL),
	(3130, 'IEEE Transactions on Cable Television', 'http://ieeexplore.ieee.org/servlet/opac?punumber=4065009', 'EEE', 'IEEE', NULL, 'online', NULL, NULL),
	(3131, 'IEEE Transactions on Circuit Theory', 'http://ieeexplore.ieee.org/servlet/opac?punumber=8147', 'EEE', 'IEEE', NULL, 'online', NULL, NULL),
	(3132, 'IRE Transactions on Circuit Theory', 'http://ieeexplore.ieee.org/servlet/opac?punumber=8148', 'EEE', 'IEEE', NULL, 'online', NULL, NULL),
	(3133, 'Transactions of the IRE Professional Group on Circuit Theory', 'http://ieeexplore.ieee.org/servlet/opac?punumber=4811122', 'EEE', 'IEEE', NULL, 'online', NULL, NULL),
	(3134, 'IEEE Circuits & Systems Magazine', 'http://ieeexplore.ieee.org/servlet/opac?punumber=6331049', 'EEE', 'IEEE', NULL, 'online', NULL, NULL),
	(3135, 'IEEE Circuits and Devices Magazine', 'http://ieeexplore.ieee.org/servlet/opac?punumber=101', 'EEE', 'IEEE', NULL, 'online', NULL, NULL),
	(3136, 'IEEE Transactions on Circuits and Systems for Video Technology', 'http://ieeexplore.ieee.org/servlet/opac?punumber=76', 'EEE', 'IEEE', NULL, 'online', NULL, NULL),
	(3137, 'IEEE Transactions on Circuits and Systems I: Fundamental Theory and Applications', 'http://ieeexplore.ieee.org/servlet/opac?punumber=81', 'EEE', 'IEEE', NULL, 'online', NULL, NULL),
	(3138, 'IEEE Transactions on Circuits and Systems I: Regular Papers', 'http://ieeexplore.ieee.org/servlet/opac?punumber=8919', 'EEE', 'IEEE', NULL, 'online', NULL, NULL),
	(3139, 'IEEE Transactions on Circuits and Systems II: Analog and Digital Signal Processing', 'http://ieeexplore.ieee.org/servlet/opac?punumber=82', 'EEE', 'IEEE', NULL, 'online', NULL, NULL),
	(3140, 'IEEE Transactions on Circuits and Systems II: Express Briefs', 'http://ieeexplore.ieee.org/servlet/opac?punumber=8920', 'EEE', 'IEEE', NULL, 'online', NULL, NULL),
	(3141, 'IEEE Circuits and Systems Magazine', 'http://ieeexplore.ieee.org/servlet/opac?punumber=7384', 'EEE', 'IEEE', NULL, 'online', NULL, NULL),
	(3142, 'IEEE Transactions on Circuits and Systems', 'http://ieeexplore.ieee.org/servlet/opac?punumber=31', 'EEE', 'IEEE', NULL, 'online', NULL, NULL),
	(3143, 'IET Circuits, Devices & Systems', 'http://ieeexplore.ieee.org/servlet/opac?punumber=4123966', 'EEE', 'IEEE', NULL, 'online', NULL, NULL),
	(3144, 'IEE Proceedings - Circuits, Devices and Systems', 'http://ieeexplore.ieee.org/servlet/opac?punumber=2190', 'EEE', 'IEEE', NULL, 'online', NULL, NULL),
	(3145, 'IEE Proceedings G - Circuits, Devices and Systems', 'http://ieeexplore.ieee.org/servlet/opac?punumber=2211', 'EEE', 'IEEE', NULL, 'online', NULL, NULL),
	(3146, 'IEEE Cloud Computing', 'http://ieeexplore.ieee.org/servlet/opac?punumber=6509491', 'EEE', 'IEEE', NULL, 'online', NULL, NULL),
	(3147, 'IEEE Transactions on Cloud Computing', 'http://ieeexplore.ieee.org/servlet/opac?punumber=6245519', 'EEE', 'IEEE', NULL, 'online', NULL, NULL),
	(3148, 'IEEE Transactions on Cognitive and Developmental Systems', 'http://ieeexplore.ieee.org/servlet/opac?punumber=7274989', 'EEE', 'IEEE', NULL, 'online', NULL, NULL),
	(3149, 'IEEE Transactions on Cognitive Communications and Networking', 'http://ieeexplore.ieee.org/servlet/opac?punumber=6687307', 'EEE', 'IEEE', NULL, 'online', NULL, NULL),
	(3150, 'IEEE Transactions on Communication and Electronics', 'http://ieeexplore.ieee.org/servlet/opac?punumber=6412854', 'EEE', 'IEEE', NULL, 'online', NULL, NULL),
	(3151, 'IEEE Transactions on Communication Technology', 'http://ieeexplore.ieee.org/servlet/opac?punumber=4547467', 'EEE', 'IEEE', NULL, 'online', NULL, NULL),
	(3152, 'Journal of Communications and Networks', 'http://ieeexplore.ieee.org/servlet/opac?punumber=5449605', 'EEE', 'IEEE', NULL, 'online', NULL, NULL),
	(3153, 'Communications Engineer', 'http://ieeexplore.ieee.org/servlet/opac?punumber=8515', 'EEE', 'IEEE', NULL, 'online', NULL, NULL),
	(3154, 'IEEE Communications Letters', 'http://ieeexplore.ieee.org/servlet/opac?punumber=4234', 'EEE', 'IEEE', NULL, 'online', NULL, NULL),
	(3155, 'IEEE Communications Magazine', 'http://ieeexplore.ieee.org/servlet/opac?punumber=35', 'EEE', 'IEEE', NULL, 'online', NULL, NULL),
	(3156, 'Communications Society', 'http://ieeexplore.ieee.org/servlet/opac?punumber=8158', 'EEE', 'IEEE', NULL, 'online', NULL, NULL),
	(3157, 'IEEE Communications Society Magazine', 'http://ieeexplore.ieee.org/servlet/opac?punumber=5488653', 'EEE', 'IEEE', NULL, 'online', NULL, NULL),
	(3158, 'IEEE Communications Surveys & Tutorials', 'http://ieeexplore.ieee.org/servlet/opac?punumber=9739', 'EEE', 'IEEE', NULL, 'online', NULL, NULL),
	(3159, 'IEEE Communications Surveys', 'http://ieeexplore.ieee.org/servlet/opac?punumber=7041148', 'EEE', 'IEEE', NULL, 'online', NULL, NULL),
	(3160, 'IEEE Transactions on Communications Systems', 'http://ieeexplore.ieee.org/servlet/opac?punumber=4547466', 'EEE', 'IEEE', NULL, 'online', NULL, NULL),
	(3161, 'IRE Transactions on Communications Systems', 'http://ieeexplore.ieee.org/servlet/opac?punumber=4547465', 'EEE', 'IEEE', NULL, 'online', NULL, NULL),
	(3162, 'Transactions of the IRE Professional Group on Communications Systems', 'http://ieeexplore.ieee.org/servlet/opac?punumber=8161', 'EEE', 'IEEE', NULL, 'online', NULL, NULL),
	(3163, 'China Communications', 'http://ieeexplore.ieee.org/servlet/opac?punumber=6245522', 'EEE', 'IEEE', NULL, 'online', NULL, NULL),
	(3164, 'IEE Proceedings - Communications', 'http://ieeexplore.ieee.org/servlet/opac?punumber=2191', 'EEE', 'IEEE', NULL, 'online', NULL, NULL),
	(3165, 'IEEE Transactions on Communications', 'http://ieeexplore.ieee.org/servlet/opac?punumber=26', 'EEE', 'IEEE', NULL, 'online', NULL, NULL),
	(3166, 'IET Communications', 'http://ieeexplore.ieee.org/servlet/opac?punumber=4105970', 'EEE', 'IEEE', NULL, 'online', NULL, NULL),
	(3167, 'Communications, Radar and Signal Processing, IEE Proceedings F', 'http://ieeexplore.ieee.org/servlet/opac?punumber=4644477', 'EEE', 'IEEE', NULL, 'online', NULL, NULL),
	(3168, 'IEE Proceedings I - Communications, Speech and Vision', 'http://ieeexplore.ieee.org/servlet/opac?punumber=2215', 'EEE', 'IEEE', NULL, 'online', NULL, NULL),
	(3169, 'IEEE Transactions on Component Parts', 'http://ieeexplore.ieee.org/servlet/opac?punumber=8216', 'EEE', 'IEEE', NULL, 'online', NULL, NULL),
	(3170, 'IRE Transactions on Component Parts', 'http://ieeexplore.ieee.org/servlet/opac?punumber=8222', 'EEE', 'IEEE', NULL, 'online', NULL, NULL),
	(3171, 'Transactions of the IRE Professional Group on Component Parts', 'http://ieeexplore.ieee.org/servlet/opac?punumber=8219', 'EEE', 'IEEE', NULL, 'online', NULL, NULL),
	(3172, 'IEEE Transactions on Components and Packaging Technologies', 'http://ieeexplore.ieee.org/servlet/opac?punumber=6144', 'EEE', 'IEEE', NULL, 'online', NULL, NULL),
	(3173, 'IEEE Transactions on Components, Hybrids, and Manufacturing Technology', 'http://ieeexplore.ieee.org/servlet/opac?punumber=33', 'EEE', 'IEEE', NULL, 'online', NULL, NULL),
	(3174, 'IEEE Transactions on Components, Packaging and Manufacturing Technology', 'http://ieeexplore.ieee.org/servlet/opac?punumber=5503870', 'EEE', 'IEEE', NULL, 'online', NULL, NULL),
	(3175, 'IEEE Transactions on Components, Packaging, and Manufacturing Technology: Part A', 'http://ieeexplore.ieee.org/servlet/opac?punumber=95', 'EEE', 'IEEE', NULL, 'online', NULL, NULL),
	(3176, 'IEEE Transactions on Components, Packaging, and Manufacturing Technology: Part B', 'http://ieeexplore.ieee.org/servlet/opac?punumber=96', 'EEE', 'IEEE', NULL, 'online', NULL, NULL),
	(3177, 'IEEE Transactions on Components, Packaging, and Manufacturing Technology: Part C', 'http://ieeexplore.ieee.org/servlet/opac?punumber=3476', 'EEE', 'IEEE', NULL, 'online', NULL, NULL),
	(3178, 'IEEE/ACM Transactions on Computational Biology and Bioinformatics', 'http://ieeexplore.ieee.org/servlet/opac?punumber=8857', 'EEE', 'IEEE', NULL, 'online', NULL, NULL),
	(3179, 'IEEE Transactions on Computational Imaging', 'http://ieeexplore.ieee.org/servlet/opac?punumber=6745852', 'EEE', 'IEEE', NULL, 'online', NULL, NULL),
	(3180, 'IEEE Transactions on Computational Intelligence and AI in Games', 'http://ieeexplore.ieee.org/servlet/opac?punumber=4804728', 'EEE', 'IEEE', NULL, 'online', NULL, NULL),
	(3181, 'IEEE Computational Intelligence Magazine', 'http://ieeexplore.ieee.org/servlet/opac?punumber=10207', 'EEE', 'IEEE', NULL, 'online', NULL, NULL),
	(3182, 'IEEE Computational Science and Engineering', 'http://ieeexplore.ieee.org/servlet/opac?punumber=99', 'EEE', 'IEEE', NULL, 'online', NULL, NULL),
	(3183, 'IEEE Transactions on Computational Social Systems', 'http://ieeexplore.ieee.org/servlet/opac?punumber=6570650', 'EEE', 'IEEE', NULL, 'online', NULL, NULL),
	(3184, 'Computer', 'http://ieeexplore.ieee.org/servlet/opac?punumber=2', 'EEE', 'IEEE', NULL, 'online', NULL, NULL),
	(3185, 'IEEE Computer Applications in Power', 'http://ieeexplore.ieee.org/servlet/opac?punumber=67', 'EEE', 'IEEE', NULL, 'online', NULL, NULL),
	(3186, 'IEEE Computer Architecture Letters', 'http://ieeexplore.ieee.org/servlet/opac?punumber=10208', 'EEE', 'IEEE', NULL, 'online', NULL, NULL),
	(3187, 'IEEE Computer Graphics and Applications', 'http://ieeexplore.ieee.org/servlet/opac?punumber=38', 'EEE', 'IEEE', NULL, 'online', NULL, NULL),
	(3188, 'IET Computer Vision', 'http://ieeexplore.ieee.org/servlet/opac?punumber=4159597', 'EEE', 'IEEE', NULL, 'online', NULL, NULL),
	(3189, 'IEEE Transactions on Computer-Aided Design of Integrated Circuits and Systems', 'http://ieeexplore.ieee.org/servlet/opac?punumber=43', 'EEE', 'IEEE', NULL, 'online', NULL, NULL),
	(3190, 'Computer-Aided Engineering Journal', 'http://ieeexplore.ieee.org/servlet/opac?punumber=2217', 'EEE', 'IEEE', NULL, 'online', NULL, NULL),
	(3191, 'IET Computers & Digital Techniques', 'http://ieeexplore.ieee.org/servlet/opac?punumber=4117424', 'EEE', 'IEEE', NULL, 'online', NULL, NULL),
	(3192, 'Computers and Digital Techniques, IEE Journal on', 'http://ieeexplore.ieee.org/servlet/opac?punumber=4807224', 'EEE', 'IEEE', NULL, 'online', NULL, NULL),
	(3193, 'IEE Proceedings - Computers and Digital Techniques', 'http://ieeexplore.ieee.org/servlet/opac?punumber=2192', 'EEE', 'IEEE', NULL, 'online', NULL, NULL),
	(3194, 'IEE Proceedings E - Computers and Digital Techniques', 'http://ieeexplore.ieee.org/servlet/opac?punumber=4641395', 'EEE', 'IEEE', NULL, 'online', NULL, NULL),
	(3195, 'IEEE Transactions on Computers', 'http://ieeexplore.ieee.org/servlet/opac?punumber=12', 'EEE', 'IEEE', NULL, 'online', NULL, NULL),
	(3196, 'Computing & Control Engineering Journal', 'http://ieeexplore.ieee.org/servlet/opac?punumber=2218', 'EEE', 'IEEE', NULL, 'online', NULL, NULL),
	(3197, 'Computing in Science & Engineering', 'http://ieeexplore.ieee.org/servlet/opac?punumber=5992', 'EEE', 'IEEE', NULL, 'online', NULL, NULL),
	(3198, 'IEEE Concurrency', 'http://ieeexplore.ieee.org/servlet/opac?punumber=4434', 'EEE', 'IEEE', NULL, 'online', NULL, NULL),
	(3199, 'IEEE Consumer Electronics Magazine', 'http://ieeexplore.ieee.org/servlet/opac?punumber=5962380', 'EEE', 'IEEE', NULL, 'online', NULL, NULL),
	(3200, 'IEEE Transactions on Consumer Electronics', 'http://ieeexplore.ieee.org/servlet/opac?punumber=30', 'EEE', 'IEEE', NULL, 'online', NULL, NULL),
	(3201, 'Control & Automation', 'http://ieeexplore.ieee.org/servlet/opac?punumber=4469873', 'EEE', 'IEEE', NULL, 'online', NULL, NULL),
	(3202, 'IEEE Transactions on Control of Network Systems', 'http://ieeexplore.ieee.org/servlet/opac?punumber=6509490', 'EEE', 'IEEE', NULL, 'online', NULL, NULL),
	(3203, 'IEEE Control Systems Magazine', 'http://ieeexplore.ieee.org/servlet/opac?punumber=37', 'EEE', 'IEEE', NULL, 'online', NULL, NULL),
	(3204, 'IEEE Transactions on Control Systems Technology', 'http://ieeexplore.ieee.org/servlet/opac?punumber=87', 'EEE', 'IEEE', NULL, 'online', NULL, NULL),
	(3205, 'IEEE Control Systems', 'http://ieeexplore.ieee.org/servlet/opac?punumber=5488303', 'EEE', 'IEEE', NULL, 'online', NULL, NULL),
	(3206, 'IET Control Theory & Applications', 'http://ieeexplore.ieee.org/servlet/opac?punumber=4079545', 'EEE', 'IEEE', NULL, 'online', NULL, NULL),
	(3207, 'IEE Proceedings - Control Theory and Applications', 'http://ieeexplore.ieee.org/servlet/opac?punumber=2193', 'EEE', 'IEEE', NULL, 'online', NULL, NULL),
	(3208, 'IEE Proceedings D - Control Theory and Applications', 'http://ieeexplore.ieee.org/servlet/opac?punumber=2206', 'EEE', 'IEEE', NULL, 'online', NULL, NULL),
	(3209, 'IEEE CSIT Newsletter', 'http://ieeexplore.ieee.org/servlet/opac?punumber=6457541', 'EEE', 'IEEE', NULL, 'online', NULL, NULL),
	(3210, 'IEEE Transactions on Cybernetics', 'http://ieeexplore.ieee.org/servlet/opac?punumber=6221036', 'EEE', 'IEEE', NULL, 'online', NULL, NULL),
	(3211, 'IEEE Transactions on Dependable and Secure Computing', 'http://ieeexplore.ieee.org/servlet/opac?punumber=8858', 'EEE', 'IEEE', NULL, 'online', NULL, NULL),
	(3212, 'IEEE Design & Test of Computers', 'http://ieeexplore.ieee.org/servlet/opac?punumber=54', 'EEE', 'IEEE', NULL, 'online', NULL, NULL),
	(3213, 'IEEE Design & Test', 'http://ieeexplore.ieee.org/servlet/opac?punumber=6221038', 'EEE', 'IEEE', NULL, 'online', NULL, NULL),
	(3214, 'IEEE Transactions on Device and Materials Reliability', 'http://ieeexplore.ieee.org/servlet/opac?punumber=7298', 'EEE', 'IEEE', NULL, 'online', NULL, NULL),
	(3215, 'IEEE Transactions on Dielectrics and Electrical Insulation', 'http://ieeexplore.ieee.org/servlet/opac?punumber=94', 'EEE', 'IEEE', NULL, 'online', NULL, NULL),
	(3216, 'Journal of Display Technology', 'http://ieeexplore.ieee.org/servlet/opac?punumber=9425', 'EEE', 'IEEE', NULL, 'online', NULL, NULL),
	(3217, 'IEEE Distributed Systems Online', 'http://ieeexplore.ieee.org/servlet/opac?punumber=8968', 'EEE', 'IEEE', NULL, 'online', NULL, NULL),
	(3218, 'IEEE Transactions on Education', 'http://ieeexplore.ieee.org/servlet/opac?punumber=13', 'EEE', 'IEEE', NULL, 'online', NULL, NULL),
	(3219, 'IRE Transactions on Education', 'http://ieeexplore.ieee.org/servlet/opac?punumber=4321999', 'EEE', 'IEEE', NULL, 'online', NULL, NULL),
	(3220, 'Electric Power Applications, IEE Journal on', 'http://ieeexplore.ieee.org/servlet/opac?punumber=4807343', 'EEE', 'IEEE', NULL, 'online', NULL, NULL),
	(3221, 'IEE Proceedings - Electric Power Applications', 'http://ieeexplore.ieee.org/servlet/opac?punumber=2194', 'EEE', 'IEEE', NULL, 'online', NULL, NULL),
	(3222, 'IEE Proceedings B - Electric Power Applications', 'http://ieeexplore.ieee.org/servlet/opac?punumber=2204', 'EEE', 'IEEE', NULL, 'online', NULL, NULL),
	(3223, 'IET Electric Power Applications', 'http://ieeexplore.ieee.org/servlet/opac?punumber=4079749', 'EEE', 'IEEE', NULL, 'online', NULL, NULL),
	(3224, 'Canadian Journal of Electrical and Computer Engineering', 'http://ieeexplore.ieee.org/servlet/opac?punumber=9754', 'EEE', 'IEEE', NULL, 'online', NULL, NULL),
	(3225, 'Electrical Engineering', 'http://ieeexplore.ieee.org/servlet/opac?punumber=6413714', 'EEE', 'IEEE', NULL, 'online', NULL, NULL),
	(3226, 'Canadian Electrical Engineering Journal', 'http://ieeexplore.ieee.org/servlet/opac?punumber=6449389', 'EEE', 'IEEE', NULL, 'online', NULL, NULL),
	(3227, 'Electrical Engineers - Part I: General, Journal of the Institution of', 'http://ieeexplore.ieee.org/servlet/opac?punumber=5293616', 'EEE', 'IEEE', NULL, 'online', NULL, NULL),
	(3228, 'Electrical Engineers - Part II: Power Engineering, Journal of the Institution of', 'http://ieeexplore.ieee.org/servlet/opac?punumber=5294946', 'EEE', 'IEEE', NULL, 'online', NULL, NULL),
	(3229, 'Electrical Engineers - Part IIA: Automatic Regulators and Servo Mechanisms, Journal of the Institution of', 'http://ieeexplore.ieee.org/servlet/opac?punumber=5296781', 'EEE', 'IEEE', NULL, 'online', NULL, NULL),
	(3230, 'Electrical Engineers - Part III: Communication Engineering, including the Proceedings of the Wireless Section of the Institution, Journal of the Institution of', 'http://ieeexplore.ieee.org/servlet/opac?punumber=5297845', 'EEE', 'IEEE', NULL, 'online', NULL, NULL),
	(3231, 'Electrical Engineers - Part III: Radio and Communication Engineering, Journal of the Institution of', 'http://ieeexplore.ieee.org/servlet/opac?punumber=5298217', 'EEE', 'IEEE', NULL, 'online', NULL, NULL),
	(3232, 'Electrical Engineers - Part IIIA: Radiocommunication, Journal of the Institution of', 'http://ieeexplore.ieee.org/servlet/opac?punumber=5299579', 'EEE', 'IEEE', NULL, 'online', NULL, NULL),
	(3233, 'Electrical Engineers - Part IIIA: Radiolocation, Journal of the Institution of', 'http://ieeexplore.ieee.org/servlet/opac?punumber=5299299', 'EEE', 'IEEE', NULL, 'online', NULL, NULL),
	(3234, 'Electrical Engineers, Journal of the Institution of', 'http://ieeexplore.ieee.org/servlet/opac?punumber=5308791', 'EEE', 'IEEE', NULL, 'online', NULL, NULL),
	(3235, 'Electrical Engineers, Proceedings of the Institution of', 'http://ieeexplore.ieee.org/servlet/opac?punumber=5247218', 'EEE', 'IEEE', NULL, 'online', NULL, NULL),
	(3236, 'IEEE Electrical Insulation Magazine', 'http://ieeexplore.ieee.org/servlet/opac?punumber=57', 'EEE', 'IEEE', NULL, 'online', NULL, NULL),
	(3237, 'IEEE Transactions on Electrical Insulation', 'http://ieeexplore.ieee.org/servlet/opac?punumber=14', 'EEE', 'IEEE', NULL, 'online', NULL, NULL),
	(3238, 'IET Electrical Systems in Transportation', 'http://ieeexplore.ieee.org/servlet/opac?punumber=5704588', 'EEE', 'IEEE', NULL, 'online', NULL, NULL),
	(3239, 'IEEE Electrification Magazine', 'http://ieeexplore.ieee.org/servlet/opac?punumber=6508996', 'EEE', 'IEEE', NULL, 'online', NULL, NULL),
	(3240, 'IEEE Electromagnetic Compatibility Magazine', 'http://ieeexplore.ieee.org/servlet/opac?punumber=5962381', 'EEE', 'IEEE', NULL, 'online', NULL, NULL),
	(3241, 'IEEE Transactions on Electromagnetic Compatibility', 'http://ieeexplore.ieee.org/servlet/opac?punumber=15', 'EEE', 'IEEE', NULL, 'online', NULL, NULL),
	(3242, 'IEEE Electron Device Letters', 'http://ieeexplore.ieee.org/servlet/opac?punumber=55', 'EEE', 'IEEE', NULL, 'online', NULL, NULL),
	(3243, 'IEEE Journal of the Electron Devices Society', 'http://ieeexplore.ieee.org/servlet/opac?punumber=6245494', 'EEE', 'IEEE', NULL, 'online', NULL, NULL),
	(3244, 'IEEE Transactions on Electron Devices', 'http://ieeexplore.ieee.org/servlet/opac?punumber=16', 'EEE', 'IEEE', NULL, 'online', NULL, NULL),
	(3245, 'IRE Transactions on Electron Devices', 'http://ieeexplore.ieee.org/servlet/opac?punumber=4639142', 'EEE', 'IEEE', NULL, 'online', NULL, NULL),
	(3246, 'Transactions of the IRE Professional Group on Electron Devices', 'http://ieeexplore.ieee.org/servlet/opac?punumber=4639141', 'EEE', 'IEEE', NULL, 'online', NULL, NULL),
	(3247, 'Electronic and Radio Engineers, Journal of the Institution of', 'http://ieeexplore.ieee.org/servlet/opac?punumber=5261261', 'EEE', 'IEEE', NULL, 'online', NULL, NULL),
	(3248, 'Electronic and Radio Engineers, Proceedings of the Indian Division of the Institution of', 'http://ieeexplore.ieee.org/servlet/opac?punumber=5262069', 'EEE', 'IEEE', NULL, 'online', NULL, NULL),
	(3249, 'Electronic and Radio Engineers, Proceedings of the Institution of', 'http://ieeexplore.ieee.org/servlet/opac?punumber=5262336', 'EEE', 'IEEE', NULL, 'online', NULL, NULL),
	(3250, 'Electronic Circuits and Systems, IEE Journal on', 'http://ieeexplore.ieee.org/servlet/opac?punumber=4807109', 'EEE', 'IEEE', NULL, 'online', NULL, NULL),
	(3251, 'IEE Proceedings G - Electronic Circuits and Systems', 'http://ieeexplore.ieee.org/servlet/opac?punumber=2210', 'EEE', 'IEEE', NULL, 'online', NULL, NULL),
	(3252, 'IEEE Transactions on Electronic Computers', 'http://ieeexplore.ieee.org/servlet/opac?punumber=4037753', 'EEE', 'IEEE', NULL, 'online', NULL, NULL),
	(3253, 'IRE Transactions on Electronic Computers', 'http://ieeexplore.ieee.org/servlet/opac?punumber=5407885', 'EEE', 'IEEE', NULL, 'online', NULL, NULL),
	(3254, 'Transactions of the I.R.E. Professional Group on Electronic Computers', 'http://ieeexplore.ieee.org/servlet/opac?punumber=5407679', 'EEE', 'IEEE', NULL, 'online', NULL, NULL),
	(3255, 'Electronic Systems News', 'http://ieeexplore.ieee.org/servlet/opac?punumber=5344685', 'EEE', 'IEEE', NULL, 'online', NULL, NULL),
	(3256, 'Electronics', 'http://ieeexplore.ieee.org/servlet/opac?punumber=4796916', 'EEE', 'IEEE', NULL, 'online', NULL, NULL),
	(3257, 'Electronics & Communication Engineering Journal', 'http://ieeexplore.ieee.org/servlet/opac?punumber=2219', 'EEE', 'IEEE', NULL, 'online', NULL, NULL),
	(3258, 'Electronics and Power', 'http://ieeexplore.ieee.org/servlet/opac?punumber=5176125', 'EEE', 'IEEE', NULL, 'online', NULL, NULL),
	(3259, 'Electronics Education', 'http://ieeexplore.ieee.org/servlet/opac?punumber=5538637', 'EEE', 'IEEE', NULL, 'online', NULL, NULL),
	(3260, 'Electronics Letters', 'http://ieeexplore.ieee.org/servlet/opac?punumber=2220', 'EEE', 'IEEE', NULL, 'online', NULL, NULL),
	(3261, 'IEEE Transactions on Electronics Packaging Manufacturing', 'http://ieeexplore.ieee.org/servlet/opac?punumber=6104', 'EEE', 'IEEE', NULL, 'online', NULL, NULL),
	(3262, 'Electronics Systems and Software', 'http://ieeexplore.ieee.org/servlet/opac?punumber=8517', 'EEE', 'IEEE', NULL, 'online', NULL, NULL),
	(3263, 'IEEE Embedded Systems Letters', 'http://ieeexplore.ieee.org/servlet/opac?punumber=4563995', 'EEE', 'IEEE', NULL, 'online', NULL, NULL),
	(3264, 'IEEE Journal on Emerging and Selected Topics in Circuits and Systems', 'http://ieeexplore.ieee.org/servlet/opac?punumber=5503868', 'EEE', 'IEEE', NULL, 'online', NULL, NULL),
	(3265, 'IEEE Journal of Emerging and Selected Topics in Power Electronics', 'http://ieeexplore.ieee.org/servlet/opac?punumber=6245517', 'EEE', 'IEEE', NULL, 'online', NULL, NULL),
	(3266, 'IEEE Transactions on Emerging Topics in Computing', 'http://ieeexplore.ieee.org/servlet/opac?punumber=6245516', 'EEE', 'IEEE', NULL, 'online', NULL, NULL),
	(3267, 'IEEE Transactions on Energy Conversion', 'http://ieeexplore.ieee.org/servlet/opac?punumber=60', 'EEE', 'IEEE', NULL, 'online', NULL, NULL),
	(3268, 'Engineering & Technology', 'http://ieeexplore.ieee.org/servlet/opac?punumber=10908', 'EEE', 'IEEE', NULL, 'online', NULL, NULL),
	(3269, 'Engineering in Medicine and Biology Magazine', 'http://ieeexplore.ieee.org/servlet/opac?punumber=5005708', 'EEE', 'IEEE', NULL, 'online', NULL, NULL),
	(3270, 'IEEE Engineering in Medicine and Biology Magazine', 'http://ieeexplore.ieee.org/servlet/opac?punumber=51', 'EEE', 'IEEE', NULL, 'online', NULL, NULL),
	(3271, 'Engineering Management Journal', 'http://ieeexplore.ieee.org/servlet/opac?punumber=2221', 'EEE', 'IEEE', NULL, 'online', NULL, NULL),
	(3272, 'IEEE Engineering Management Review', 'http://ieeexplore.ieee.org/servlet/opac?punumber=46', 'EEE', 'IEEE', NULL, 'online', NULL, NULL),
	(3273, 'IEEE Transactions on Engineering Management', 'http://ieeexplore.ieee.org/servlet/opac?punumber=17', 'EEE', 'IEEE', NULL, 'online', NULL, NULL),
	(3274, 'IRE Transactions on Engineering Management', 'http://ieeexplore.ieee.org/servlet/opac?punumber=5007355', 'EEE', 'IEEE', NULL, 'online', NULL, NULL),
	(3275, 'Transactions of the IRE Professional Group on Engineering Management', 'http://ieeexplore.ieee.org/servlet/opac?punumber=5010148', 'EEE', 'IEEE', NULL, 'online', NULL, NULL),
	(3276, 'Engineering Science and Education Journal', 'http://ieeexplore.ieee.org/servlet/opac?punumber=2222', 'EEE', 'IEEE', NULL, 'online', NULL, NULL),
	(3277, 'IEEE Transactions on Engineering Writing and Speech', 'http://ieeexplore.ieee.org/servlet/opac?punumber=4322293', 'EEE', 'IEEE', NULL, 'online', NULL, NULL),
	(3278, 'IRE Transactions on Engineering Writing and Speech', 'http://ieeexplore.ieee.org/servlet/opac?punumber=4322631', 'EEE', 'IEEE', NULL, 'online', NULL, NULL),
	(3279, 'IEEE Transactions on Evolutionary Computation', 'http://ieeexplore.ieee.org/servlet/opac?punumber=4235', 'EEE', 'IEEE', NULL, 'online', NULL, NULL),
	(3280, 'IEEE Journal on Exploratory Solid-State Computational Devices and Circuits', 'http://ieeexplore.ieee.org/servlet/opac?punumber=6570653', 'EEE', 'IEEE', NULL, 'online', NULL, NULL),
	(3281, 'IEEE Transactions on Fuzzy Systems', 'http://ieeexplore.ieee.org/servlet/opac?punumber=91', 'EEE', 'IEEE', NULL, 'online', NULL, NULL),
	(3282, 'IET Generation, Transmission & Distribution', 'http://ieeexplore.ieee.org/servlet/opac?punumber=4082359', 'EEE', 'IEEE', NULL, 'online', NULL, NULL),
	(3283, 'IEE Proceedings C - Generation, Transmission and Distribution', 'http://ieeexplore.ieee.org/servlet/opac?punumber=2205', 'EEE', 'IEEE', NULL, 'online', NULL, NULL),
	(3284, 'IEE Proceedings - Generation, Transmission and Distribution', 'http://ieeexplore.ieee.org/servlet/opac?punumber=2195', 'EEE', 'IEEE', NULL, 'online', NULL, NULL),
	(3285, 'IEEE Geoscience and Remote Sensing Letters', 'http://ieeexplore.ieee.org/servlet/opac?punumber=8859', 'EEE', 'IEEE', NULL, 'online', NULL, NULL),
	(3286, 'IEEE Geoscience and Remote Sensing Magazine', 'http://ieeexplore.ieee.org/servlet/opac?punumber=6245518', 'EEE', 'IEEE', NULL, 'online', NULL, NULL),
	(3287, 'IEEE Transactions on Geoscience and Remote Sensing', 'http://ieeexplore.ieee.org/servlet/opac?punumber=36', 'EEE', 'IEEE', NULL, 'online', NULL, NULL),
	(3288, 'IEEE Transactions on Geoscience Electronics', 'http://ieeexplore.ieee.org/servlet/opac?punumber=4043135', 'EEE', 'IEEE', NULL, 'online', NULL, NULL),
	(3289, 'IEEE Transactions on Haptics', 'http://ieeexplore.ieee.org/servlet/opac?punumber=4543165', 'EEE', 'IEEE', NULL, 'online', NULL, NULL),
	(3290, 'IEEE Transactions on Human Factors in Electronics', 'http://ieeexplore.ieee.org/servlet/opac?punumber=11151', 'EEE', 'IEEE', NULL, 'online', NULL, NULL),
	(3291, 'IRE Transactions on Human Factors in Electronics', 'http://ieeexplore.ieee.org/servlet/opac?punumber=4503253', 'EEE', 'IEEE', NULL, 'online', NULL, NULL),
	(3292, 'IEEE Transactions on Human-Machine Systems', 'http://ieeexplore.ieee.org/servlet/opac?punumber=6221037', 'EEE', 'IEEE', NULL, 'online', NULL, NULL),
	(3293, 'IEE Review', 'http://ieeexplore.ieee.org/servlet/opac?punumber=2188', 'EEE', 'IEEE', NULL, 'online', NULL, NULL),
	(3294, 'IEEE Expert', 'http://ieeexplore.ieee.org/servlet/opac?punumber=64', 'EEE', 'IEEE', NULL, 'online', NULL, NULL),
	(3295, 'IEEE Transactions on Vehicular Communications', 'http://ieeexplore.ieee.org/servlet/opac?punumber=10785', 'EEE', 'IEEE', NULL, 'online', NULL, NULL),
	(3296, 'IEEE Transactions on Image Processing', 'http://ieeexplore.ieee.org/servlet/opac?punumber=83', 'EEE', 'IEEE', NULL, 'online', NULL, NULL),
	(3297, 'IET Image Processing', 'http://ieeexplore.ieee.org/servlet/opac?punumber=4149689', 'EEE', 'IEEE', NULL, 'online', NULL, NULL),
	(3298, 'India, IEE-IERE Proceedings -', 'http://ieeexplore.ieee.org/servlet/opac?punumber=5257466', 'EEE', 'IEEE', NULL, 'online', NULL, NULL),
	(3299, 'IEEE Transactions on Industrial Electronics [May 1963]', 'http://ieeexplore.ieee.org/servlet/opac?punumber=5412874', 'EEE', 'IEEE', NULL, 'online', NULL, NULL),
	(3300, 'IEEE Transactions on Industrial Electronics and Control Instrumentation', 'http://ieeexplore.ieee.org/servlet/opac?punumber=11166', 'EEE', 'IEEE', NULL, 'online', NULL, NULL),
	(3301, 'IEEE Industrial Electronics Magazine', 'http://ieeexplore.ieee.org/servlet/opac?punumber=4154573', 'EEE', 'IEEE', NULL, 'online', NULL, NULL),
	(3302, 'IEEE Transactions on Industrial Electronics', 'http://ieeexplore.ieee.org/servlet/opac?punumber=41', 'EEE', 'IEEE', NULL, 'online', NULL, NULL),
	(3303, 'IRE Transactions on Industrial Electronics', 'http://ieeexplore.ieee.org/servlet/opac?punumber=5007029', 'EEE', 'IEEE', NULL, 'online', NULL, NULL),
	(3304, 'Transactions of the IRE Professional Group on Industrial Electronics', 'http://ieeexplore.ieee.org/servlet/opac?punumber=4319302', 'EEE', 'IEEE', NULL, 'online', NULL, NULL),
	(3305, 'IEEE Transactions on Industrial Informatics', 'http://ieeexplore.ieee.org/servlet/opac?punumber=9424', 'EEE', 'IEEE', NULL, 'online', NULL, NULL),
	(3306, 'IEEE Transactions on Industry and General Applications', 'http://ieeexplore.ieee.org/servlet/opac?punumber=4180499', 'EEE', 'IEEE', NULL, 'online', NULL, NULL),
	(3307, 'IEEE Industry Applications Magazine', 'http://ieeexplore.ieee.org/servlet/opac?punumber=2943', 'EEE', 'IEEE', NULL, 'online', NULL, NULL),
	(3308, 'IEEE Transactions on Industry Applications', 'http://ieeexplore.ieee.org/servlet/opac?punumber=28', 'EEE', 'IEEE', NULL, 'online', NULL, NULL),
	(3309, 'IEEE Transactions on Information Forensics and Security', 'http://ieeexplore.ieee.org/servlet/opac?punumber=10206', 'EEE', 'IEEE', NULL, 'online', NULL, NULL),
	(3310, 'Information Professional', 'http://ieeexplore.ieee.org/servlet/opac?punumber=5305931', 'EEE', 'IEEE', NULL, 'online', NULL, NULL),
	(3311, 'IEE Proceedings - Information Security', 'http://ieeexplore.ieee.org/servlet/opac?punumber=10348', 'EEE', 'IEEE', NULL, 'online', NULL, NULL),
	(3312, 'IET Information Security', 'http://ieeexplore.ieee.org/servlet/opac?punumber=4149673', 'EEE', 'IEEE', NULL, 'online', NULL, NULL),
	(3313, 'IEEE Transactions on Information Technology in Biomedicine', 'http://ieeexplore.ieee.org/servlet/opac?punumber=4233', 'EEE', 'IEEE', NULL, 'online', NULL, NULL),
	(3314, 'IEEE Transactions on Information Theory', 'http://ieeexplore.ieee.org/servlet/opac?punumber=18', 'EEE', 'IEEE', NULL, 'online', NULL, NULL),
	(3315, 'IRE Transactions on Information Theory', 'http://ieeexplore.ieee.org/servlet/opac?punumber=4547527', 'EEE', 'IEEE', NULL, 'online', NULL, NULL),
	(3316, 'Transactions of the IRE Professional Group on Information Theory', 'http://ieeexplore.ieee.org/servlet/opac?punumber=4547596', 'EEE', 'IEEE', NULL, 'online', NULL, NULL),
	(3317, 'IEEE Instrumentation & Measurement Magazine', 'http://ieeexplore.ieee.org/servlet/opac?punumber=5289', 'EEE', 'IEEE', NULL, 'online', NULL, NULL),
	(3318, 'IEEE Transactions on Instrumentation and Measurement', 'http://ieeexplore.ieee.org/servlet/opac?punumber=19', 'EEE', 'IEEE', NULL, 'online', NULL, NULL),
	(3319, 'IRE Transactions on Instrumentation', 'http://ieeexplore.ieee.org/servlet/opac?punumber=5006544', 'EEE', 'IEEE', NULL, 'online', NULL, NULL),
	(3320, 'Transactions of the IRE Professional Group on Instrumentation', 'http://ieeexplore.ieee.org/servlet/opac?punumber=5007309', 'EEE', 'IEEE', NULL, 'online', NULL, NULL),
	(3321, 'IEEE Intelligent Systems and their Applications', 'http://ieeexplore.ieee.org/servlet/opac?punumber=5254', 'EEE', 'IEEE', NULL, 'online', NULL, NULL),
	(3322, 'Intelligent Systems Engineering', 'http://ieeexplore.ieee.org/servlet/opac?punumber=2223', 'EEE', 'IEEE', NULL, 'online', NULL, NULL),
	(3323, 'IEEE Intelligent Systems', 'http://ieeexplore.ieee.org/servlet/opac?punumber=9670', 'EEE', 'IEEE', NULL, 'online', NULL, NULL),
	(3324, 'IEE Proceedings - Intelligent Transport Systems', 'http://ieeexplore.ieee.org/servlet/opac?punumber=10767', 'EEE', 'IEEE', NULL, 'online', NULL, NULL),
	(3325, 'IET Intelligent Transport Systems', 'http://ieeexplore.ieee.org/servlet/opac?punumber=4149681', 'EEE', 'IEEE', NULL, 'online', NULL, NULL),
	(3326, 'IEEE Intelligent Transportation Systems Magazine', 'http://ieeexplore.ieee.org/servlet/opac?punumber=5117645', 'EEE', 'IEEE', NULL, 'online', NULL, NULL),
	(3327, 'IEEE Transactions on Intelligent Transportation Systems', 'http://ieeexplore.ieee.org/servlet/opac?punumber=6979', 'EEE', 'IEEE', NULL, 'online', NULL, NULL),
	(3328, 'IEEE Transactions on Intelligent Vehicles', 'http://ieeexplore.ieee.org/servlet/opac?punumber=7274857', 'EEE', 'IEEE', NULL, 'online', NULL, NULL),
	(3329, 'IEEE Internet Computing', 'http://ieeexplore.ieee.org/servlet/opac?punumber=4236', 'EEE', 'IEEE', NULL, 'online', NULL, NULL),
	(3330, 'IEEE Internet of Things Journal', 'http://ieeexplore.ieee.org/servlet/opac?punumber=6488907', 'EEE', 'IEEE', NULL, 'online', NULL, NULL),
	(3331, 'IRE Transactions on Vehicular Communications', 'http://ieeexplore.ieee.org/servlet/opac?punumber=10784', 'EEE', 'IEEE', NULL, 'online', NULL, NULL),
	(3332, 'IT Professional', 'http://ieeexplore.ieee.org/servlet/opac?punumber=6294', 'EEE', 'IEEE', NULL, 'online', NULL, NULL),
	(3333, 'IEEE Transactions on Knowledge and Data Engineering', 'http://ieeexplore.ieee.org/servlet/opac?punumber=69', 'EEE', 'IEEE', NULL, 'online', NULL, NULL),
	(3334, 'IEEE Latin America Transactions', 'http://ieeexplore.ieee.org/servlet/opac?punumber=9907', 'EEE', 'IEEE', NULL, 'online', NULL, NULL),
	(3335, 'IEEE LCS', 'http://ieeexplore.ieee.org/servlet/opac?punumber=73', 'EEE', 'IEEE', NULL, 'online', NULL, NULL),
	(3336, 'IEEE Transactions on Learning Technologies', 'http://ieeexplore.ieee.org/servlet/opac?punumber=4620076', 'EEE', 'IEEE', NULL, 'online', NULL, NULL),
	(3337, 'IEEE Life Sciences Letters', 'http://ieeexplore.ieee.org/servlet/opac?punumber=6687320', 'EEE', 'IEEE', NULL, 'online', NULL, NULL),
	(3338, 'Journal of Lightwave Technology', 'http://ieeexplore.ieee.org/servlet/opac?punumber=50', 'EEE', 'IEEE', NULL, 'online', NULL, NULL),
	(3339, 'IEEE LTS', 'http://ieeexplore.ieee.org/servlet/opac?punumber=80', 'EEE', 'IEEE', NULL, 'online', NULL, NULL),
	(3340, 'IEEE Translation Journal on Magnetics in Japan', 'http://ieeexplore.ieee.org/servlet/opac?punumber=4509580', 'EEE', 'IEEE', NULL, 'online', NULL, NULL),
	(3341, 'IEEE Magnetics Letters', 'http://ieeexplore.ieee.org/servlet/opac?punumber=5165412', 'EEE', 'IEEE', NULL, 'online', NULL, NULL),
	(3342, 'IEEE Transactions on Magnetics', 'http://ieeexplore.ieee.org/servlet/opac?punumber=20', 'EEE', 'IEEE', NULL, 'online', NULL, NULL),
	(3343, 'IEEE Transactions on Man-Machine Systems', 'http://ieeexplore.ieee.org/servlet/opac?punumber=4081845', 'EEE', 'IEEE', NULL, 'online', NULL, NULL),
	(3344, 'Manufacturing Engineer', 'http://ieeexplore.ieee.org/servlet/opac?punumber=2189', 'EEE', 'IEEE', NULL, 'online', NULL, NULL),
	(3345, 'IEEE Transactions on Manufacturing Technology', 'http://ieeexplore.ieee.org/servlet/opac?punumber=8218', 'EEE', 'IEEE', NULL, 'online', NULL, NULL),
	(3346, 'IET Manufacturing', 'http://ieeexplore.ieee.org/servlet/opac?punumber=4796905', 'EEE', 'IEEE', NULL, 'online', NULL, NULL),
	(3347, 'IEEE/ASME Transactions on Mechatronics', 'http://ieeexplore.ieee.org/servlet/opac?punumber=3516', 'EEE', 'IEEE', NULL, 'online', NULL, NULL),
	(3348, 'IRE Transactions on Medical Electronics', 'http://ieeexplore.ieee.org/servlet/opac?punumber=5007879', 'EEE', 'IEEE', NULL, 'online', NULL, NULL),
	(3349, 'Transactions of the IRE Professional Group on Medical Electronics', 'http://ieeexplore.ieee.org/servlet/opac?punumber=5008468', 'EEE', 'IEEE', NULL, 'online', NULL, NULL),
	(3350, 'IEEE Transactions on Medical Imaging', 'http://ieeexplore.ieee.org/servlet/opac?punumber=42', 'EEE', 'IEEE', NULL, 'online', NULL, NULL),
	(3351, 'IET Micro & Nano Letters', 'http://ieeexplore.ieee.org/servlet/opac?punumber=11102', 'EEE', 'IEEE', NULL, 'online', NULL, NULL),
	(3352, 'IEEE Micro', 'http://ieeexplore.ieee.org/servlet/opac?punumber=40', 'EEE', 'IEEE', NULL, 'online', NULL, NULL),
	(3353, 'Journal of Microelectromechanical Systems', 'http://ieeexplore.ieee.org/servlet/opac?punumber=84', 'EEE', 'IEEE', NULL, 'online', NULL, NULL),
	(3354, 'IEEE Microwave and Guided Wave Letters', 'http://ieeexplore.ieee.org/servlet/opac?punumber=75', 'EEE', 'IEEE', NULL, 'online', NULL, NULL),
	(3355, 'IEEE Microwave and Wireless Components Letters', 'http://ieeexplore.ieee.org/servlet/opac?punumber=7260', 'EEE', 'IEEE', NULL, 'online', NULL, NULL),
	(3356, 'IEEE Microwave Magazine', 'http://ieeexplore.ieee.org/servlet/opac?punumber=6668', 'EEE', 'IEEE', NULL, 'online', NULL, NULL),
	(3357, 'IEEE Transactions on Microwave Theory and Techniques', 'http://ieeexplore.ieee.org/servlet/opac?punumber=22', 'EEE', 'IEEE', NULL, 'online', NULL, NULL),
	(3358, 'IRE Transactions on Microwave Theory and Techniques', 'http://ieeexplore.ieee.org/servlet/opac?punumber=4547924', 'EEE', 'IEEE', NULL, 'online', NULL, NULL),
	(3359, 'Transactions of the IRE Professional Group on Microwave Theory and Techniques', 'http://ieeexplore.ieee.org/servlet/opac?punumber=4547925', 'EEE', 'IEEE', NULL, 'online', NULL, NULL),
	(3360, 'IET Microwaves, Antennas & Propagation', 'http://ieeexplore.ieee.org/servlet/opac?punumber=4126157', 'EEE', 'IEEE', NULL, 'online', NULL, NULL),
	(3361, 'IEE Proceedings - Microwaves, Antennas and Propagation', 'http://ieeexplore.ieee.org/servlet/opac?punumber=2196', 'EEE', 'IEEE', NULL, 'online', NULL, NULL),
	(3362, 'IEE Proceedings H - Microwaves, Antennas and Propagation', 'http://ieeexplore.ieee.org/servlet/opac?punumber=2213', 'EEE', 'IEEE', NULL, 'online', NULL, NULL),
	(3363, 'Microwaves, Optics and Acoustics, IEE Journal on', 'http://ieeexplore.ieee.org/servlet/opac?punumber=4807412', 'EEE', 'IEEE', NULL, 'online', NULL, NULL),
	(3364, 'Microwaves, Optics and Antennas, IEE Proceedings H', 'http://ieeexplore.ieee.org/servlet/opac?punumber=4644480', 'EEE', 'IEEE', NULL, 'online', NULL, NULL),
	(3365, 'IEEE Transactions on Military Electronics', 'http://ieeexplore.ieee.org/servlet/opac?punumber=4323026', 'EEE', 'IEEE', NULL, 'online', NULL, NULL),
	(3366, 'IRE Transactions on Military Electronics', 'http://ieeexplore.ieee.org/servlet/opac?punumber=5008109', 'EEE', 'IEEE', NULL, 'online', NULL, NULL),
	(3367, 'IEEE Transactions on Mobile Computing', 'http://ieeexplore.ieee.org/servlet/opac?punumber=7755', 'EEE', 'IEEE', NULL, 'online', NULL, NULL),
	(3368, 'IEEE Transactions on Molecular, Biological and Multi-Scale Communications', 'http://ieeexplore.ieee.org/servlet/opac?punumber=6687308', 'EEE', 'IEEE', NULL, 'online', NULL, NULL),
	(3369, 'IEEE Transactions on Multi-Scale Computing Systems', 'http://ieeexplore.ieee.org/servlet/opac?punumber=6687315', 'EEE', 'IEEE', NULL, 'online', NULL, NULL),
	(3370, 'IEEE MultiMedia', 'http://ieeexplore.ieee.org/servlet/opac?punumber=93', 'EEE', 'IEEE', NULL, 'online', NULL, NULL),
	(3371, 'IEEE Transactions on Multimedia', 'http://ieeexplore.ieee.org/servlet/opac?punumber=6046', 'EEE', 'IEEE', NULL, 'online', NULL, NULL),
	(3372, 'IEEE Journal on Multiscale and Multiphysics Computational Techniques', 'http://ieeexplore.ieee.org/servlet/opac?punumber=7274859', 'EEE', 'IEEE', NULL, 'online', NULL, NULL),
	(3373, 'IEEE Transactions on NanoBioscience', 'http://ieeexplore.ieee.org/servlet/opac?punumber=7728', 'EEE', 'IEEE', NULL, 'online', NULL, NULL),
	(3374, 'IEE Proceedings - Nanobiotechnology', 'http://ieeexplore.ieee.org/servlet/opac?punumber=8653', 'EEE', 'IEEE', NULL, 'online', NULL, NULL),
	(3375, 'IET Nanobiotechnology', 'http://ieeexplore.ieee.org/servlet/opac?punumber=4123961', 'EEE', 'IEEE', NULL, 'online', NULL, NULL),
	(3376, 'IEEE Nanotechnology Express', 'http://ieeexplore.ieee.org/servlet/opac?punumber=6687319', 'EEE', 'IEEE', NULL, 'online', NULL, NULL),
	(3377, 'IEEE Nanotechnology Magazine', 'http://ieeexplore.ieee.org/servlet/opac?punumber=4451717', 'EEE', 'IEEE', NULL, 'online', NULL, NULL),
	(3378, 'IEEE Transactions on Nanotechnology', 'http://ieeexplore.ieee.org/servlet/opac?punumber=7729', 'EEE', 'IEEE', NULL, 'online', NULL, NULL),
	(3379, 'IEEE Transactions on Network and Service Management', 'http://ieeexplore.ieee.org/servlet/opac?punumber=4275028', 'EEE', 'IEEE', NULL, 'online', NULL, NULL),
	(3380, 'IEEE Transactions on Network Science and Engineering', 'http://ieeexplore.ieee.org/servlet/opac?punumber=6488902', 'EEE', 'IEEE', NULL, 'online', NULL, NULL),
	(3381, 'IEEE Network', 'http://ieeexplore.ieee.org/servlet/opac?punumber=65', 'EEE', 'IEEE', NULL, 'online', NULL, NULL),
	(3382, 'IEEE/ACM Transactions on Networking', 'http://ieeexplore.ieee.org/servlet/opac?punumber=90', 'EEE', 'IEEE', NULL, 'online', NULL, NULL),
	(3383, 'IET Networks', 'http://ieeexplore.ieee.org/servlet/opac?punumber=6072580', 'EEE', 'IEEE', NULL, 'online', NULL, NULL),
	(3384, 'IEEE Transactions on Neural Networks and Learning Systems', 'http://ieeexplore.ieee.org/servlet/opac?punumber=5962385', 'EEE', 'IEEE', NULL, 'online', NULL, NULL),
	(3385, 'IEEE Transactions on Neural Networks', 'http://ieeexplore.ieee.org/servlet/opac?punumber=72', 'EEE', 'IEEE', NULL, 'online', NULL, NULL),
	(3386, 'IEEE Transactions on Neural Systems and Rehabilitation Engineering', 'http://ieeexplore.ieee.org/servlet/opac?punumber=7333', 'EEE', 'IEEE', NULL, 'online', NULL, NULL),
	(3387, 'IEEE Transactions on Nuclear Science', 'http://ieeexplore.ieee.org/servlet/opac?punumber=23', 'EEE', 'IEEE', NULL, 'online', NULL, NULL),
	(3388, 'IRE Transactions on Nuclear Science', 'http://ieeexplore.ieee.org/servlet/opac?punumber=4315440', 'EEE', 'IEEE', NULL, 'online', NULL, NULL),
	(3389, 'Transactions of the Institute of Radio Engineers Professional Group on Nuclear Science', 'http://ieeexplore.ieee.org/servlet/opac?punumber=6449343', 'EEE', 'IEEE', NULL, 'online', NULL, NULL),
	(3390, 'IEEE Journal of Oceanic Engineering', 'http://ieeexplore.ieee.org/servlet/opac?punumber=48', 'EEE', 'IEEE', NULL, 'online', NULL, NULL),
	(3391, 'IEEE/OSA Journal of Optical Communications and Networking', 'http://ieeexplore.ieee.org/servlet/opac?punumber=4563700', 'EEE', 'IEEE', NULL, 'online', NULL, NULL),
	(3392, 'IEE Proceedings - Optoelectronics', 'http://ieeexplore.ieee.org/servlet/opac?punumber=2197', 'EEE', 'IEEE', NULL, 'online', NULL, NULL),
	(3393, 'IEE Proceedings J - Optoelectronics', 'http://ieeexplore.ieee.org/servlet/opac?punumber=2216', 'EEE', 'IEEE', NULL, 'online', NULL, NULL),
	(3394, 'IET Optoelectronics', 'http://ieeexplore.ieee.org/servlet/opac?punumber=4117432', 'EEE', 'IEEE', NULL, 'online', NULL, NULL),
	(3395, 'IEEE Parallel & Distributed Technology: Systems & Applications', 'http://ieeexplore.ieee.org/servlet/opac?punumber=88', 'EEE', 'IEEE', NULL, 'online', NULL, NULL),
	(3396, 'IEEE Transactions on Parallel and Distributed Systems', 'http://ieeexplore.ieee.org/servlet/opac?punumber=71', 'EEE', 'IEEE', NULL, 'online', NULL, NULL),
	(3397, 'IEEE Transactions on Parts, Hybrids, and Packaging', 'http://ieeexplore.ieee.org/servlet/opac?punumber=8217', 'EEE', 'IEEE', NULL, 'online', NULL, NULL),
	(3398, 'IEEE Transactions on Parts, Materials and Packaging', 'http://ieeexplore.ieee.org/servlet/opac?punumber=8221', 'EEE', 'IEEE', NULL, 'online', NULL, NULL),
	(3399, 'IEEE Transactions on Pattern Analysis and Machine Intelligence', 'http://ieeexplore.ieee.org/servlet/opac?punumber=34', 'EEE', 'IEEE', NULL, 'online', NULL, NULL),
	(3400, 'IEEE Personal Communications', 'http://ieeexplore.ieee.org/servlet/opac?punumber=98', 'EEE', 'IEEE', NULL, 'online', NULL, NULL),
	(3401, 'IEEE Pervasive Computing', 'http://ieeexplore.ieee.org/servlet/opac?punumber=7756', 'EEE', 'IEEE', NULL, 'online', NULL, NULL),
	(3402, 'IEEE Photonics Journal', 'http://ieeexplore.ieee.org/servlet/opac?punumber=4563994', 'EEE', 'IEEE', NULL, 'online', NULL, NULL),
	(3403, 'IEEE Photonics Technology Letters', 'http://ieeexplore.ieee.org/servlet/opac?punumber=68', 'EEE', 'IEEE', NULL, 'online', NULL, NULL),
	(3404, 'IEEE Journal of Photovoltaics', 'http://ieeexplore.ieee.org/servlet/opac?punumber=5503869', 'EEE', 'IEEE', NULL, 'online', NULL, NULL),
	(3405, 'IEE Proceedings A - Physical Science, Measurement and Instrumentation, Management and Education - Reviews', 'http://ieeexplore.ieee.org/servlet/opac?punumber=2201', 'EEE', 'IEEE', NULL, 'online', NULL, NULL),
	(3406, 'IEE Proceedings A - Physical Science, Measurement and Instrumentation, Management and Education', 'http://ieeexplore.ieee.org/servlet/opac?punumber=2202', 'EEE', 'IEEE', NULL, 'online', NULL, NULL),
	(3407, 'IEEE Transactions on Plasma Science', 'http://ieeexplore.ieee.org/servlet/opac?punumber=27', 'EEE', 'IEEE', NULL, 'online', NULL, NULL),
	(3408, 'IEEE Potentials', 'http://ieeexplore.ieee.org/servlet/opac?punumber=45', 'EEE', 'IEEE', NULL, 'online', NULL, NULL),
	(3409, 'IEEE Power and Energy Magazine', 'http://ieeexplore.ieee.org/servlet/opac?punumber=8014', 'EEE', 'IEEE', NULL, 'online', NULL, NULL),
	(3410, 'IEEE Power and Energy Technology Systems Journal', 'http://ieeexplore.ieee.org/servlet/opac?punumber=6687318', 'EEE', 'IEEE', NULL, 'online', NULL, NULL),
	(3411, 'IEEE Transactions on Power Apparatus and Systems', 'http://ieeexplore.ieee.org/servlet/opac?punumber=10669', 'EEE', 'IEEE', NULL, 'online', NULL, NULL),
	(3412, 'Transactions of the American Institute of Electrical Engineers. Part III: Power Apparatus and Systems', 'http://ieeexplore.ieee.org/servlet/opac?punumber=4498434', 'EEE', 'IEEE', NULL, 'online', NULL, NULL),
	(3413, 'IEEE Transactions on Power Delivery', 'http://ieeexplore.ieee.org/servlet/opac?punumber=61', 'EEE', 'IEEE', NULL, 'online', NULL, NULL),
	(3414, 'IEEE Power Electronics Letters', 'http://ieeexplore.ieee.org/servlet/opac?punumber=8012', 'EEE', 'IEEE', NULL, 'online', NULL, NULL),
	(3415, 'IEEE Power Electronics Magazine', 'http://ieeexplore.ieee.org/servlet/opac?punumber=6570649', 'EEE', 'IEEE', NULL, 'online', NULL, NULL),
	(3416, 'IEEE Transactions on Power Electronics', 'http://ieeexplore.ieee.org/servlet/opac?punumber=63', 'EEE', 'IEEE', NULL, 'online', NULL, NULL),
	(3417, 'IET Power Electronics', 'http://ieeexplore.ieee.org/servlet/opac?punumber=4475725', 'EEE', 'IEEE', NULL, 'online', NULL, NULL),
	(3418, 'Power Engineer', 'http://ieeexplore.ieee.org/servlet/opac?punumber=8455', 'EEE', 'IEEE', NULL, 'online', NULL, NULL),
	(3419, 'Power Engineering Journal', 'http://ieeexplore.ieee.org/servlet/opac?punumber=2224', 'EEE', 'IEEE', NULL, 'online', NULL, NULL),
	(3420, 'IEEE Power Engineering Review', 'http://ieeexplore.ieee.org/servlet/opac?punumber=39', 'EEE', 'IEEE', NULL, 'online', NULL, NULL),
	(3421, 'IEEE Transactions on Power Systems', 'http://ieeexplore.ieee.org/servlet/opac?punumber=59', 'EEE', 'IEEE', NULL, 'online', NULL, NULL),
	(3422, 'Proceedings of the IEE - Part A: Power Engineering', 'http://ieeexplore.ieee.org/servlet/opac?punumber=5241636', 'EEE', 'IEEE', NULL, 'online', NULL, NULL),
	(3423, 'Proceedings of the IEE - Part B: Electronic and Communication Engineering', 'http://ieeexplore.ieee.org/servlet/opac?punumber=5243858', 'EEE', 'IEEE', NULL, 'online', NULL, NULL),
	(3424, 'Proceedings of the IEE - Part B: Radio and Electronic Engineering', 'http://ieeexplore.ieee.org/servlet/opac?punumber=5242809', 'EEE', 'IEEE', NULL, 'online', NULL, NULL),
	(3425, 'Proceedings of the IEE - Part C: Monographs', 'http://ieeexplore.ieee.org/servlet/opac?punumber=5244565', 'EEE', 'IEEE', NULL, 'online', NULL, NULL),
	(3426, 'Proceedings of the IEE - Part I: General', 'http://ieeexplore.ieee.org/servlet/opac?punumber=5238945', 'EEE', 'IEEE', NULL, 'online', NULL, NULL),
	(3427, 'Proceedings of the IEE - Part IA: Electric Railway Traction', 'http://ieeexplore.ieee.org/servlet/opac?punumber=5239454', 'EEE', 'IEEE', NULL, 'online', NULL, NULL),
	(3428, 'Proceedings of the IEE - Part II: Power Engineering', 'http://ieeexplore.ieee.org/servlet/opac?punumber=5239502', 'EEE', 'IEEE', NULL, 'online', NULL, NULL),
	(3429, 'Proceedings of the IEE - Part IIA: Insulating Materials', 'http://ieeexplore.ieee.org/servlet/opac?punumber=5240595', 'EEE', 'IEEE', NULL, 'online', NULL, NULL),
	(3430, 'Proceedings of the IEE - Part III: Radio and Communication Engineering', 'http://ieeexplore.ieee.org/servlet/opac?punumber=5241015', 'EEE', 'IEEE', NULL, 'online', NULL, NULL),
	(3431, 'Proceedings of the IEE - Part IIIA: Television', 'http://ieeexplore.ieee.org/servlet/opac?punumber=5240793', 'EEE', 'IEEE', NULL, 'online', NULL, NULL),
	(3432, 'Proceedings of the IEE - Part IV: Institution Monographs', 'http://ieeexplore.ieee.org/servlet/opac?punumber=5240789', 'EEE', 'IEEE', NULL, 'online', NULL, NULL),
	(3433, 'Proceedings of the IEEE', 'http://ieeexplore.ieee.org/servlet/opac?punumber=5', 'EEE', 'IEEE', NULL, 'online', NULL, NULL),
	(3434, 'Proceedings of the IRE', 'http://ieeexplore.ieee.org/servlet/opac?punumber=10933', 'EEE', 'IEEE', NULL, 'online', NULL, NULL),
	(3435, 'IEEE Transactions on Product Engineering and Production', 'http://ieeexplore.ieee.org/servlet/opac?punumber=8224', 'EEE', 'IEEE', NULL, 'online', NULL, NULL),
	(3436, 'IRE Transactions on Product Engineering and Production', 'http://ieeexplore.ieee.org/servlet/opac?punumber=8223', 'EEE', 'IEEE', NULL, 'online', NULL, NULL),
	(3437, 'Production Engineer', 'http://ieeexplore.ieee.org/servlet/opac?punumber=4911125', 'EEE', 'IEEE', NULL, 'online', NULL, NULL),
	(3438, 'Production Engineers Journal, Institution of', 'http://ieeexplore.ieee.org/servlet/opac?punumber=5117548', 'EEE', 'IEEE', NULL, 'online', NULL, NULL),
	(3439, 'Production Engineers, Journal of the Institution of', 'http://ieeexplore.ieee.org/servlet/opac?punumber=4907487', 'EEE', 'IEEE', NULL, 'online', NULL, NULL),
	(3440, 'IRE Transactions on Production Techniques', 'http://ieeexplore.ieee.org/servlet/opac?punumber=8220', 'EEE', 'IEEE', NULL, 'online', NULL, NULL),
	(3441, 'IEEE Transactions on Professional Communication', 'http://ieeexplore.ieee.org/servlet/opac?punumber=47', 'EEE', 'IEEE', NULL, 'online', NULL, NULL),
	(3442, 'IEEE Pulse', 'http://ieeexplore.ieee.org/servlet/opac?punumber=5454060', 'EEE', 'IEEE', NULL, 'online', NULL, NULL),
	(3443, 'Transactions of the IRE Professional Group on Quality Control', 'http://ieeexplore.ieee.org/servlet/opac?punumber=5007101', 'EEE', 'IEEE', NULL, 'online', NULL, NULL),
	(3444, 'IEEE Journal of Quantum Electronics', 'http://ieeexplore.ieee.org/servlet/opac?punumber=3', 'EEE', 'IEEE', NULL, 'online', NULL, NULL),
	(3445, 'IEE Proceedings F - Radar and Signal Processing', 'http://ieeexplore.ieee.org/servlet/opac?punumber=2209', 'EEE', 'IEEE', NULL, 'online', NULL, NULL),
	(3446, 'IET Radar, Sonar & Navigation', 'http://ieeexplore.ieee.org/servlet/opac?punumber=4119394', 'EEE', 'IEEE', NULL, 'online', NULL, NULL),
	(3447, 'IEE Proceedings - Radar, Sonar and Navigation', 'http://ieeexplore.ieee.org/servlet/opac?punumber=2198', 'EEE', 'IEEE', NULL, 'online', NULL, NULL),
	(3448, 'Radio and Electronic Engineer', 'http://ieeexplore.ieee.org/servlet/opac?punumber=5266378', 'EEE', 'IEEE', NULL, 'online', NULL, NULL),
	(3449, 'Radio Engineers, Journal of the British Institution of', 'http://ieeexplore.ieee.org/servlet/opac?punumber=5258192', 'EEE', 'IEEE', NULL, 'online', NULL, NULL),
	(3450, 'Radio Engineers, Proceedings of the British Institution of', 'http://ieeexplore.ieee.org/servlet/opac?punumber=5261584', 'EEE', 'IEEE', NULL, 'online', NULL, NULL),
	(3451, 'Radio Engineers, Proceedings of the Indian Division of the British Institution of', 'http://ieeexplore.ieee.org/servlet/opac?punumber=5261840', 'EEE', 'IEEE', NULL, 'online', NULL, NULL),
	(3452, 'Proceedings of the Institute of Radio Engineers', 'http://ieeexplore.ieee.org/servlet/opac?punumber=5547934', 'EEE', 'IEEE', NULL, 'online', NULL, NULL),
	(3453, 'IEEE Transactions on Radio Frequency Interference', 'http://ieeexplore.ieee.org/servlet/opac?punumber=4607257', 'EEE', 'IEEE', NULL, 'online', NULL, NULL),
	(3454, 'IRE Transactions on Radio Frequency Interference', 'http://ieeexplore.ieee.org/servlet/opac?punumber=6507928', 'EEE', 'IEEE', NULL, 'online', NULL, NULL),
	(3455, 'Transactions of the IRE Professional Group on Radio Telemetry and Remote Control', 'http://ieeexplore.ieee.org/servlet/opac?punumber=4335619', 'EEE', 'IEEE', NULL, 'online', NULL, NULL),
	(3456, 'IEEE Transactions on Rehabilitation Engineering', 'http://ieeexplore.ieee.org/servlet/opac?punumber=86', 'EEE', 'IEEE', NULL, 'online', NULL, NULL),
	(3457, 'IRE Transactions on Reliability and Quality Control', 'http://ieeexplore.ieee.org/servlet/opac?punumber=5007123', 'EEE', 'IEEE', NULL, 'online', NULL, NULL),
	(3458, 'Transactions of the IRE Professional Group on Reliability and Quality Control', 'http://ieeexplore.ieee.org/servlet/opac?punumber=5007112', 'EEE', 'IEEE', NULL, 'online', NULL, NULL),
	(3459, 'IEEE Transactions on Reliability', 'http://ieeexplore.ieee.org/servlet/opac?punumber=24', 'EEE', 'IEEE', NULL, 'online', NULL, NULL),
	(3460, 'IET Renewable Power Generation', 'http://ieeexplore.ieee.org/servlet/opac?punumber=4159946', 'EEE', 'IEEE', NULL, 'online', NULL, NULL),
	(3461, 'IEEE Robotics & Automation Magazine', 'http://ieeexplore.ieee.org/servlet/opac?punumber=100', 'EEE', 'IEEE', NULL, 'online', NULL, NULL),
	(3462, 'IEEE Robotics and Automation Letters', 'http://ieeexplore.ieee.org/servlet/opac?punumber=7083369', 'EEE', 'IEEE', NULL, 'online', NULL, NULL),
	(3463, 'IEEE Journal on Robotics and Automation', 'http://ieeexplore.ieee.org/servlet/opac?punumber=56', 'EEE', 'IEEE', NULL, 'online', NULL, NULL),
	(3464, 'IEEE Transactions on Robotics and Automation', 'http://ieeexplore.ieee.org/servlet/opac?punumber=70', 'EEE', 'IEEE', NULL, 'online', NULL, NULL),
	(3465, 'IEEE Transactions on Robotics', 'http://ieeexplore.ieee.org/servlet/opac?punumber=8860', 'EEE', 'IEEE', NULL, 'online', NULL, NULL),
	(3466, 'IET Science, Measurement & Technology', 'http://ieeexplore.ieee.org/servlet/opac?punumber=4105888', 'EEE', 'IEEE', NULL, 'online', NULL, NULL),
	(3467, 'IEE Proceedings - Science, Measurement and Technology', 'http://ieeexplore.ieee.org/servlet/opac?punumber=2199', 'EEE', 'IEEE', NULL, 'online', NULL, NULL),
	(3468, 'IEE Proceedings A - Science, Measurement and Technology', 'http://ieeexplore.ieee.org/servlet/opac?punumber=2203', 'EEE', 'IEEE', NULL, 'online', NULL, NULL),
	(3469, 'IEEE Security & Privacy', 'http://ieeexplore.ieee.org/servlet/opac?punumber=8013', 'EEE', 'IEEE', NULL, 'online', NULL, NULL),
	(3470, 'IEEE Journal on Selected Areas in Communications', 'http://ieeexplore.ieee.org/servlet/opac?punumber=49', 'EEE', 'IEEE', NULL, 'online', NULL, NULL),
	(3471, 'IEEE Journal of Selected Topics in Applied Earth Observations and Remote Sensing', 'http://ieeexplore.ieee.org/servlet/opac?punumber=4609443', 'EEE', 'IEEE', NULL, 'online', NULL, NULL),
	(3472, 'IEEE Journal of Selected Topics in Quantum Electronics', 'http://ieeexplore.ieee.org/servlet/opac?punumber=2944', 'EEE', 'IEEE', NULL, 'online', NULL, NULL),
	(3473, 'IEEE Journal of Selected Topics in Signal Processing', 'http://ieeexplore.ieee.org/servlet/opac?punumber=4200690', 'EEE', 'IEEE', NULL, 'online', NULL, NULL),
	(3474, 'IEEE Transactions on Semiconductor Manufacturing', 'http://ieeexplore.ieee.org/servlet/opac?punumber=66', 'EEE', 'IEEE', NULL, 'online', NULL, NULL),
	(3475, 'IEEE Transactions on Semiconductor Technology Modeling and Simulation', 'http://ieeexplore.ieee.org/servlet/opac?punumber=6414144', 'EEE', 'IEEE', NULL, 'online', NULL, NULL),
	(3476, 'IEEE Sensors Journal', 'http://ieeexplore.ieee.org/servlet/opac?punumber=7361', 'EEE', 'IEEE', NULL, 'online', NULL, NULL),
	(3477, 'IEEE Transactions on Services Computing', 'http://ieeexplore.ieee.org/servlet/opac?punumber=4629386', 'EEE', 'IEEE', NULL, 'online', NULL, NULL),
	(3478, 'IEEE Transactions on Signal and Information Processing over Networks', 'http://ieeexplore.ieee.org/servlet/opac?punumber=6884276', 'EEE', 'IEEE', NULL, 'online', NULL, NULL),
	(3479, 'IEEE Signal Processing Letters', 'http://ieeexplore.ieee.org/servlet/opac?punumber=97', 'EEE', 'IEEE', NULL, 'online', NULL, NULL),
	(3480, 'IEEE Signal Processing Magazine', 'http://ieeexplore.ieee.org/servlet/opac?punumber=79', 'EEE', 'IEEE', NULL, 'online', NULL, NULL),
	(3481, 'IEEE Transactions on Signal Processing', 'http://ieeexplore.ieee.org/servlet/opac?punumber=78', 'EEE', 'IEEE', NULL, 'online', NULL, NULL),
	(3482, 'IET Signal Processing', 'http://ieeexplore.ieee.org/servlet/opac?punumber=4159607', 'EEE', 'IEEE', NULL, 'online', NULL, NULL),
	(3483, 'IEEE Transactions on Smart Grid', 'http://ieeexplore.ieee.org/servlet/opac?punumber=5165411', 'EEE', 'IEEE', NULL, 'online', NULL, NULL),
	(3484, 'Software & Microsystems', 'http://ieeexplore.ieee.org/servlet/opac?punumber=4807803', 'EEE', 'IEEE', NULL, 'online', NULL, NULL),
	(3485, 'SWEBOK 2004 Guide to the Software Engineering Body of Knowledge', 'http://ieeexplore.ieee.org/servlet/opac?punumber=4425811', 'EEE', 'IEEE', NULL, 'online', NULL, NULL),
	(3486, 'Software Engineering Journal', 'http://ieeexplore.ieee.org/servlet/opac?punumber=2225', 'EEE', 'IEEE', NULL, 'online', NULL, NULL),
	(3487, 'IEEE Transactions on Software Engineering', 'http://ieeexplore.ieee.org/servlet/opac?punumber=32', 'EEE', 'IEEE', NULL, 'online', NULL, NULL),
	(3488, 'IEE Proceedings - Software Engineering', 'http://ieeexplore.ieee.org/servlet/opac?punumber=4433', 'EEE', 'IEEE', NULL, 'online', NULL, NULL),
	(3489, 'IEE Proceedings - Software', 'http://ieeexplore.ieee.org/servlet/opac?punumber=5658', 'EEE', 'IEEE', NULL, 'online', NULL, NULL),
	(3490, 'IEEE Software', 'http://ieeexplore.ieee.org/servlet/opac?punumber=52', 'EEE', 'IEEE', NULL, 'online', NULL, NULL),
	(3491, 'IET Software', 'http://ieeexplore.ieee.org/servlet/opac?punumber=4124007', 'EEE', 'IEEE', NULL, 'online', NULL, NULL),
	(3492, 'Solid-State and Electron Devices, IEE Journal on', 'http://ieeexplore.ieee.org/servlet/opac?punumber=4807504', 'EEE', 'IEEE', NULL, 'online', NULL, NULL),
	(3493, 'IEE Proceedings I - Solid-State and Electron Devices', 'http://ieeexplore.ieee.org/servlet/opac?punumber=2214', 'EEE', 'IEEE', NULL, 'online', NULL, NULL),
	(3494, 'IEEE Solid-State Circuits Magazine', 'http://ieeexplore.ieee.org/servlet/opac?punumber=4563670', 'EEE', 'IEEE', NULL, 'online', NULL, NULL),
	(3495, 'IEEE Solid-State Circuits Society Newsletter', 'http://ieeexplore.ieee.org/servlet/opac?punumber=4563671', 'EEE', 'IEEE', NULL, 'online', NULL, NULL),
	(3496, 'IEEE Journal of Solid-State Circuits', 'http://ieeexplore.ieee.org/servlet/opac?punumber=4', 'EEE', 'IEEE', NULL, 'online', NULL, NULL),
	(3497, 'IEEE Transactions on Sonics and Ultrasonics', 'http://ieeexplore.ieee.org/servlet/opac?punumber=10326', 'EEE', 'IEEE', NULL, 'online', NULL, NULL),
	(3498, 'IEEE Transactions on Space Electronics and Telemetry', 'http://ieeexplore.ieee.org/servlet/opac?punumber=4335581', 'EEE', 'IEEE', NULL, 'online', NULL, NULL),
	(3499, 'IRE Transactions on Space Electronics and Telemetry', 'http://ieeexplore.ieee.org/servlet/opac?punumber=5008636', 'EEE', 'IEEE', NULL, 'online', NULL, NULL),
	(3500, 'IEEE Spectrum', 'http://ieeexplore.ieee.org/servlet/opac?punumber=6', 'EEE', 'IEEE', NULL, 'online', NULL, NULL),
	(3501, 'IEEE Transactions on Speech and Audio Processing', 'http://ieeexplore.ieee.org/servlet/opac?punumber=89', 'EEE', 'IEEE', NULL, 'online', NULL, NULL),
	(3502, 'Students\' Quarterly Journal', 'http://ieeexplore.ieee.org/servlet/opac?punumber=5327115', 'EEE', 'IEEE', NULL, 'online', NULL, NULL),
	(3503, 'IEEE Transactions on Sustainable Energy', 'http://ieeexplore.ieee.org/servlet/opac?punumber=5165391', 'EEE', 'IEEE', NULL, 'online', NULL, NULL),
	(3504, 'IET Synthetic Biology', 'http://ieeexplore.ieee.org/servlet/opac?punumber=4290605', 'EEE', 'IEEE', NULL, 'online', NULL, NULL),
	(3505, 'IEE Proceedings - Systems Biology', 'http://ieeexplore.ieee.org/servlet/opac?punumber=9270', 'EEE', 'IEEE', NULL, 'online', NULL, NULL),
	(3506, 'IET Systems Biology', 'http://ieeexplore.ieee.org/servlet/opac?punumber=4100185', 'EEE', 'IEEE', NULL, 'online', NULL, NULL),
	(3507, 'IEEE Systems Journal', 'http://ieeexplore.ieee.org/servlet/opac?punumber=4267003', 'EEE', 'IEEE', NULL, 'online', NULL, NULL),
	(3508, 'IEEE Transactions on Systems Science and Cybernetics', 'http://ieeexplore.ieee.org/servlet/opac?punumber=4082035', 'EEE', 'IEEE', NULL, 'online', NULL, NULL),
	(3509, 'IEEE Transactions on Systems, Man, and Cybernetics', 'http://ieeexplore.ieee.org/servlet/opac?punumber=21', 'EEE', 'IEEE', NULL, 'online', NULL, NULL),
	(3510, 'IEEE Transactions on Systems, Man, and Cybernetics - Part A: Systems and Humans', 'http://ieeexplore.ieee.org/servlet/opac?punumber=3468', 'EEE', 'IEEE', NULL, 'online', NULL, NULL),
	(3511, 'IEEE Systems, Man, and Cybernetics Magazine', 'http://ieeexplore.ieee.org/servlet/opac?punumber=6745853', 'EEE', 'IEEE', NULL, 'online', NULL, NULL),
	(3512, 'IEEE Transactions on Systems, Man, and Cybernetics, Part B (Cybernetics)', 'http://ieeexplore.ieee.org/servlet/opac?punumber=3477', 'EEE', 'IEEE', NULL, 'online', NULL, NULL),
	(3513, 'IEEE Transactions on Systems, Man, and Cybernetics, Part C (Applications and Reviews)', 'http://ieeexplore.ieee.org/servlet/opac?punumber=5326', 'EEE', 'IEEE', NULL, 'online', NULL, NULL),
	(3514, 'IEEE Transactions on Systems, Man, and Cybernetics: Systems', 'http://ieeexplore.ieee.org/servlet/opac?punumber=6221021', 'EEE', 'IEEE', NULL, 'online', NULL, NULL),
	(3515, 'Technology and Society', 'http://ieeexplore.ieee.org/servlet/opac?punumber=6457542', 'EEE', 'IEEE', NULL, 'online', NULL, NULL),
	(3516, 'IEEE Technology and Society Magazine', 'http://ieeexplore.ieee.org/servlet/opac?punumber=44', 'EEE', 'IEEE', NULL, 'online', NULL, NULL),
	(3517, 'Journal of Technology Computer Aided Design TCAD', 'http://ieeexplore.ieee.org/servlet/opac?punumber=6414145', 'EEE', 'IEEE', NULL, 'online', NULL, NULL),
	(3518, 'IEEE Revista Iberoamericana de Tecnologias del Aprendizaje', 'http://ieeexplore.ieee.org/servlet/opac?punumber=6245520', 'EEE', 'IEEE', NULL, 'online', NULL, NULL),
	(3519, 'Telegraph Engineers and of Electricians, Journal of the Society of', 'http://ieeexplore.ieee.org/servlet/opac?punumber=5300059', 'EEE', 'IEEE', NULL, 'online', NULL, NULL),
	(3520, 'Telegraph Engineers, Journal of the Society of', 'http://ieeexplore.ieee.org/servlet/opac?punumber=5299721', 'EEE', 'IEEE', NULL, 'online', NULL, NULL),
	(3521, 'Telegraph-Engineers and Electricians, Journal of the Society of', 'http://ieeexplore.ieee.org/servlet/opac?punumber=5300191', 'EEE', 'IEEE', NULL, 'online', NULL, NULL),
	(3522, 'IRE Transactions on Telemetry and Remote Control', 'http://ieeexplore.ieee.org/servlet/opac?punumber=6459057', 'EEE', 'IEEE', NULL, 'online', NULL, NULL),
	(3523, 'IEEE Transactions on Terahertz Science and Technology', 'http://ieeexplore.ieee.org/servlet/opac?punumber=5503871', 'EEE', 'IEEE', NULL, 'online', NULL, NULL),
	(3524, 'Transactions of the IRE Professional Group on Vehicular Communications', 'http://ieeexplore.ieee.org/servlet/opac?punumber=10783', 'EEE', 'IEEE', NULL, 'online', NULL, NULL),
	(3525, 'IEEE Journal of Translational Engineering in Health and Medicine', 'http://ieeexplore.ieee.org/servlet/opac?punumber=6221039', 'EEE', 'IEEE', NULL, 'online', NULL, NULL),
	(3526, 'IEEE Transactions on Transportation Electrification', 'http://ieeexplore.ieee.org/servlet/opac?punumber=6687316', 'EEE', 'IEEE', NULL, 'online', NULL, NULL),
	(3527, 'IRE Transactions on Ultrasonic Engineering', 'http://ieeexplore.ieee.org/servlet/opac?punumber=10324', 'EEE', 'IEEE', NULL, 'online', NULL, NULL),
	(3528, 'Transactions of the IRE Professional Group on Ultrasonic Engineering', 'http://ieeexplore.ieee.org/servlet/opac?punumber=10323', 'EEE', 'IEEE', NULL, 'online', NULL, NULL),
	(3529, 'IEEE Transactions on Ultrasonics Engineering', 'http://ieeexplore.ieee.org/servlet/opac?punumber=10325', 'EEE', 'IEEE', NULL, 'online', NULL, NULL),
	(3530, 'IEEE Transactions on Ultrasonics, Ferroelectrics, and Frequency Control', 'http://ieeexplore.ieee.org/servlet/opac?punumber=58', 'EEE', 'IEEE', NULL, 'online', NULL, NULL),
	(3531, 'IEEE Vehicular Technology Magazine', 'http://ieeexplore.ieee.org/servlet/opac?punumber=10209', 'EEE', 'IEEE', NULL, 'online', NULL, NULL),
	(3532, 'IEEE Transactions on Vehicular Technology', 'http://ieeexplore.ieee.org/servlet/opac?punumber=25', 'EEE', 'IEEE', NULL, 'online', NULL, NULL),
	(3533, 'IEEE Transactions on Very Large Scale Integration (VLSI) Systems', 'http://ieeexplore.ieee.org/servlet/opac?punumber=92', 'EEE', 'IEEE', NULL, 'online', NULL, NULL),
	(3534, 'IEE Proceedings - Vision, Image and Signal Processing', 'http://ieeexplore.ieee.org/servlet/opac?punumber=2200', 'EEE', 'IEEE', NULL, 'online', NULL, NULL),
	(3535, 'IEEE Transactions on Visualization and Computer Graphics', 'http://ieeexplore.ieee.org/servlet/opac?punumber=2945', 'EEE', 'IEEE', NULL, 'online', NULL, NULL),
	(3536, 'IEEE Wireless Communications Letters', 'http://ieeexplore.ieee.org/servlet/opac?punumber=5962382', 'EEE', 'IEEE', NULL, 'online', NULL, NULL),
	(3537, 'IEEE Wireless Communications', 'http://ieeexplore.ieee.org/servlet/opac?punumber=7742', 'EEE', 'IEEE', NULL, 'online', NULL, NULL),
	(3538, 'IEEE Transactions on Wireless Communications', 'http://ieeexplore.ieee.org/servlet/opac?punumber=7693', 'EEE', 'IEEE', NULL, 'online', NULL, NULL),
	(3539, 'Wireless Section, Institution of Electrical Engineers - Proceedings of the', 'http://ieeexplore.ieee.org/servlet/opac?punumber=5245479', 'EEE', 'IEEE', NULL, 'online', NULL, NULL),
	(3540, 'IET Wireless Sensor Systems', 'http://ieeexplore.ieee.org/servlet/opac?punumber=5704589', 'EEE', 'IEEE', NULL, 'online', NULL, NULL),
	(3541, 'Wiring Installations and Supplies', 'http://ieeexplore.ieee.org/servlet/opac?punumber=5539519', 'EEE', 'IEEE', NULL, 'online', NULL, NULL),
	(3542, 'IEEE Women in Engineering Magazine', 'http://ieeexplore.ieee.org/servlet/opac?punumber=4509581', 'EEE', 'IEEE', NULL, 'online', NULL, NULL),
	(3575, 'Bio Journal Test', 'http://biojournaltest.com', 'BIO', 'BIOCM', 'http://biocm-test.com', 'online', 'ISSN 1234<br />\r\nISSN 5678', '(2014)-(2017)');
/*!40000 ALTER TABLE `library_journal` ENABLE KEYS */;

-- Dumping structure for table library.library_lac
DROP TABLE IF EXISTS `library_lac`;
CREATE TABLE IF NOT EXISTS `library_lac` (
  `lac_id` int(11) NOT NULL AUTO_INCREMENT,
  `lac_group_id` int(10) unsigned NOT NULL,
  `lac_order` int(10) DEFAULT NULL,
  `lac_name` varchar(200) NOT NULL,
  `lac_department` varchar(200) NOT NULL,
  `lac_url` varchar(1000) DEFAULT NULL,
  `lac_archive_period` varchar(1000) DEFAULT 'current',
  PRIMARY KEY (`lac_id`),
  KEY `FK_library_lac_library_lac_groups` (`lac_group_id`),
  CONSTRAINT `FK_library_lac_library_lac_groups` FOREIGN KEY (`lac_group_id`) REFERENCES `library_lac_groups` (`lac_group_id`)
) ENGINE=InnoDB AUTO_INCREMENT=95 DEFAULT CHARSET=latin1;

-- Dumping data for table library.library_lac: ~76 rows (approximately)
/*!40000 ALTER TABLE `library_lac` DISABLE KEYS */;
INSERT INTO `library_lac` (`lac_id`, `lac_group_id`, `lac_order`, `lac_name`, `lac_department`, `lac_url`, `lac_archive_period`) VALUES
	(1, 1, 1, 'Prof. Swaroop Nandan Bora', 'Department of Mathematics', 'http://www.iitg.ernet.in/maths/people/faclist.php?id=swaroop', 'current'),
	(2, 2, 1, 'Dr. Rajkumar P. Thummer', 'Department of Biosciences & Bioengineering', 'http://shilloi.iitg.ernet.in/~biotech/R.P.Thummer.html', 'current'),
	(4, 2, 2, 'Dr. Tamal Banerjee', 'Department of Chemical Engineering', 'http://www.iitg.ernet.in/chemeng/TB.html', 'current'),
	(5, 2, 3, 'Dr. Sandip Paul', 'Department of Chemistry', 'http://www.iitg.ac.in/sandipp/index.html', 'current'),
	(6, 2, 4, 'Dr. Arunasis Chakraborty', 'Department of Civil Engineering', 'http://www.iitg.ac.in/arunasis/homepage/index.html', 'current'),
	(7, 2, 5, 'Dr. R. Inkulu', 'Department of Computer Science & Engineering', 'http://www.iitg.ernet.in/rinkulu/', 'current'),
	(8, 2, 6, 'Mr. Pankaj Upadhyay', 'Department of Design', 'http://intranet.iitg.ernet.in/lib/lac.php', 'current'),
	(10, 2, 7, 'Dr. Ramesh Kumar Sonkar', 'Department of Electronics & Electrical Egineering', 'http://www.iitg.ernet.in/eee/sonkar.html#sonkarStart', 'current'),
	(11, 2, 8, 'Dr. Sukanya Sharma', 'Department of Humanities & Social Sciences', 'http://www.iitg.ernet.in/sukanya/', 'current'),
	(12, 2, 9, 'Dr. Anjan K. Chakrabarty', 'Department of Mathematics', 'http://www.iitg.ernet.in/maths/people/faclist.php?id=anjankc', 'current'),
	(13, 2, 10, 'Dr. S. Senthilvelan', 'Department of Mechanical Engineering', 'http://www.iitg.ernet.in/engfac/ssvelan/public_html/index.html', 'current'),
	(14, 2, 11, 'Prof. Girish Sampath Setlur', 'Department of Physics', 'http://www.iitg.ernet.in/physics/fac/gsetlur/', 'current'),
	(15, 3, 1, 'Prof. Niranjan Sahoo', 'Centre for Energy', 'http://www.iitg.ac.in/mech/files/faculty_CV/Website-CV-NS.pdf', 'current'),
	(16, 3, 2, 'Dr. Lal Mohan Kundu', 'Centre for Environment', 'http://www.iitg.ac.in/lmkundu/', 'current'),
	(17, 3, 3, 'Dr Shakuntala Mahanta', 'Centre for Linguistic Science and Technology', 'http://www.iitg.ernet.in/smahanta/', 'current'),
	(18, 3, 4, 'Dr. Partho Sarathi Gooh Pattader', 'Centre for Nanotechnology', 'http://www.iitg.ernet.in/chemeng/psgp.html', 'current'),
	(19, 4, 1, 'Prof. Rakhi Chaturvedi', 'Department of Biosciences & Bioengineering', 'http://shilloi.iitg.ernet.in/~rakhi_chaturvedi', 'current'),
	(20, 4, 2, 'Prof. Gautam Barua', 'Department of Civil Engineering', 'http://www.iitg.ac.in/g_barua/', 'current'),
	(21, 5, 1, 'Dr. Tamal Kumar Guha', 'Lakshminath Bezbaroa Central Library', NULL, 'current'),
	(26, 1, 1, 'Prof. Swaroop Nandan Bora', 'Department of Mathematics', 'http://www.iitg.ernet.in/maths/people/faclist.php?id=swaroop', '2010-2011'),
	(27, 2, 1, 'Dr. Rajkumar P. Thummer', 'Department of Biosciences & Bioengineering', 'http://shilloi.iitg.ernet.in/~biotech/R.P.Thummer.html', '2010-2011'),
	(28, 2, 2, 'Dr. Tamal Banerjee', 'Department of Chemical Engineering', 'http://www.iitg.ernet.in/chemeng/TB.html', '2015-2016'),
	(29, 2, 3, 'Dr. Sandip Paul', 'Department of Chemistry', 'http://www.iitg.ac.in/sandipp/index.html', '2010-2011'),
	(30, 2, 4, 'Dr. Arunasis Chakraborty', 'Department of Civil Engineering', 'http://www.iitg.ac.in/arunasis/homepage/index.html', '2010-2011'),
	(31, 2, 5, 'Dr. R. Inkulu', 'Department of Computer Science & Engineering', 'http://www.iitg.ernet.in/rinkulu/', '2010-2011'),
	(32, 2, 6, 'Mr. Pankaj Upadhyay', 'Department of Design', 'http://intranet.iitg.ernet.in/lib/lac.php', '2010-2011'),
	(33, 2, 7, 'Dr. Ramesh Kumar Sonkar', 'Department of Electronics & Electrical Egineering', 'http://www.iitg.ernet.in/eee/sonkar.html#sonkarStart', '2010-2011'),
	(34, 2, 8, 'Dr. Sukanya Sharma', 'Department of Humanities & Social Sciences', 'http://www.iitg.ernet.in/sukanya/', '2010-2011'),
	(35, 2, 9, 'Dr. Anjan K. Chakrabarty', 'Department of Mathematics', 'http://www.iitg.ernet.in/maths/people/faclist.php?id=anjankc', '2010-2011'),
	(36, 2, 10, 'Dr. S. Senthilvelan', 'Department of Mechanical Engineering', 'http://www.iitg.ernet.in/engfac/ssvelan/public_html/index.html', '2010-2011'),
	(37, 2, 11, 'Prof. Girish Sampath Setlur', 'Department of Physics', 'http://www.iitg.ernet.in/physics/fac/gsetlur/', '2010-2011'),
	(38, 3, 1, 'Prof. Niranjan Sahoo', 'Centre for Energy', 'http://www.iitg.ac.in/mech/files/faculty_CV/Website-CV-NS.pdf', '2010-2011'),
	(39, 3, 2, 'Dr. Lal Mohan Kundu', 'Centre for Environment', 'http://www.iitg.ac.in/lmkundu/', '2010-2011'),
	(40, 3, 3, 'Dr Shakuntala Mahanta', 'Centre for Linguistic Science and Technology', 'http://www.iitg.ernet.in/smahanta/', '2010-2011'),
	(41, 3, 4, 'Dr. Partho Sarathi Gooh Pattader', 'Centre for Nanotechnology', 'http://www.iitg.ernet.in/chemeng/psgp.html', '2010-2011'),
	(42, 4, 1, 'Prof. Rakhi Chaturvedi', 'Department of Biosciences & Bioengineering', 'http://shilloi.iitg.ernet.in/~rakhi_chaturvedi', '2010-2011'),
	(43, 4, 2, 'Prof. Gautam Barua', 'Department of Civil Engineering', 'http://www.iitg.ac.in/g_barua/', '2010-2011'),
	(44, 5, 1, 'Dr. Tamal Kumar Guha', 'Lakshminath Bezbaroa Central Library', NULL, '2010-2011'),
	(57, 1, 1, 'Prof. Swaroop Nandan Bora', 'Department of Mathematics', 'http://www.iitg.ernet.in/maths/people/faclist.php?id=swaroop', '2011-2012'),
	(58, 2, 1, 'Dr. Rajkumar P. Thummer', 'Department of Biosciences & Bioengineering', 'http://shilloi.iitg.ernet.in/~biotech/R.P.Thummer.html', '2011-2012'),
	(59, 2, 2, 'Dr. Tamal Banerjee', 'Department of Chemical Engineering', 'http://www.iitg.ernet.in/chemeng/TB.html', '2011-2012'),
	(60, 2, 3, 'Dr. Sandip Paul', 'Department of Chemistry', 'http://www.iitg.ac.in/sandipp/index.html', '2011-2012'),
	(61, 2, 4, 'Dr. Arunasis Chakraborty', 'Department of Civil Engineering', 'http://www.iitg.ac.in/arunasis/homepage/index.html', '2011-2012'),
	(62, 2, 5, 'Dr. R. Inkulu', 'Department of Computer Science & Engineering', 'http://www.iitg.ernet.in/rinkulu/', '2011-2012'),
	(63, 2, 6, 'Mr. Pankaj Upadhyay', 'Department of Design', 'http://intranet.iitg.ernet.in/lib/lac.php', '2011-2012'),
	(64, 2, 7, 'Dr. Ramesh Kumar Sonkar', 'Department of Electronics & Electrical Egineering', 'http://www.iitg.ernet.in/eee/sonkar.html#sonkarStart', '2011-2012'),
	(65, 2, 8, 'Dr. Sukanya Sharma', 'Department of Humanities & Social Sciences', 'http://www.iitg.ernet.in/sukanya/', '2011-2012'),
	(66, 2, 9, 'Dr. Anjan K. Chakrabarty', 'Department of Mathematics', 'http://www.iitg.ernet.in/maths/people/faclist.php?id=anjankc', '2011-2012'),
	(67, 2, 10, 'Dr. S. Senthilvelan', 'Department of Mechanical Engineering', 'http://www.iitg.ernet.in/engfac/ssvelan/public_html/index.html', '2011-2012'),
	(68, 2, 11, 'Prof. Girish Sampath Setlur', 'Department of Physics', 'http://www.iitg.ernet.in/physics/fac/gsetlur/', '2011-2012'),
	(69, 3, 1, 'Prof. Niranjan Sahoo', 'Centre for Energy', 'http://www.iitg.ac.in/mech/files/faculty_CV/Website-CV-NS.pdf', '2011-2012'),
	(70, 3, 2, 'Dr. Lal Mohan Kundu', 'Centre for Environment', 'http://www.iitg.ac.in/lmkundu/', '2011-2012'),
	(71, 3, 3, 'Dr Shakuntala Mahanta', 'Centre for Linguistic Science and Technology', 'http://www.iitg.ernet.in/smahanta/', '2011-2012'),
	(72, 3, 4, 'Dr. Partho Sarathi Gooh Pattader', 'Centre for Nanotechnology', 'http://www.iitg.ernet.in/chemeng/psgp.html', '2011-2012'),
	(73, 4, 1, 'Prof. Rakhi Chaturvedi', 'Department of Biosciences & Bioengineering', 'http://shilloi.iitg.ernet.in/~rakhi_chaturvedi', '2011-2012'),
	(74, 4, 2, 'Prof. Gautam Barua', 'Department of Civil Engineering', 'http://www.iitg.ac.in/g_barua/', '2011-2012'),
	(75, 5, 1, 'Dr. Tamal Kumar Guha', 'Lakshminath Bezbaroa Central Library', NULL, '2011-2012'),
	(76, 1, 1, 'Prof. Swaroop Nandan Bora', 'Department of Mathematics', 'http://www.iitg.ernet.in/maths/people/faclist.php?id=swaroop', '2012-2013'),
	(77, 2, 1, 'Dr. Rajkumar P. Thummer', 'Department of Biosciences & Bioengineering', 'http://shilloi.iitg.ernet.in/~biotech/R.P.Thummer.html', '2012-2013'),
	(78, 2, 2, 'Dr. Tamal Banerjee', 'Department of Chemical Engineering', 'http://www.iitg.ernet.in/chemeng/TB.html', '2012-2013'),
	(79, 2, 3, 'Dr. Sandip Paul', 'Department of Chemistry', 'http://www.iitg.ac.in/sandipp/index.html', '2012-2013'),
	(80, 2, 4, 'Dr. Arunasis Chakraborty', 'Department of Civil Engineering', 'http://www.iitg.ac.in/arunasis/homepage/index.html', '2012-2013'),
	(81, 2, 5, 'Dr. R. Inkulu', 'Department of Computer Science & Engineering', 'http://www.iitg.ernet.in/rinkulu/', '2012-2013'),
	(82, 2, 6, 'Mr. Pankaj Upadhyay', 'Department of Design', 'http://intranet.iitg.ernet.in/lib/lac.php', '2012-2013'),
	(83, 2, 7, 'Dr. Ramesh Kumar Sonkar', 'Department of Electronics & Electrical Egineering', 'http://www.iitg.ernet.in/eee/sonkar.html#sonkarStart', '2012-2013'),
	(84, 2, 8, 'Dr. Sukanya Sharma', 'Department of Humanities & Social Sciences', 'http://www.iitg.ernet.in/sukanya/', '2012-2013'),
	(85, 2, 9, 'Dr. Anjan K. Chakrabarty', 'Department of Mathematics', 'http://www.iitg.ernet.in/maths/people/faclist.php?id=anjankc', '2012-2013'),
	(86, 2, 10, 'Dr. S. Senthilvelan', 'Department of Mechanical Engineering', 'http://www.iitg.ernet.in/engfac/ssvelan/public_html/index.html', '2012-2013'),
	(87, 2, 11, 'Prof. Girish Sampath Setlur', 'Department of Physics', 'http://www.iitg.ernet.in/physics/fac/gsetlur/', '2012-2013'),
	(88, 3, 1, 'Prof. Niranjan Sahoo', 'Centre for Energy', 'http://www.iitg.ac.in/mech/files/faculty_CV/Website-CV-NS.pdf', '2012-2013'),
	(89, 3, 2, 'Dr. Lal Mohan Kundu', 'Centre for Environment', 'http://www.iitg.ac.in/lmkundu/', '2012-2013'),
	(90, 3, 3, 'Dr Shakuntala Mahanta', 'Centre for Linguistic Science and Technology', 'http://www.iitg.ernet.in/smahanta/', '2012-2013'),
	(91, 3, 4, 'Dr. Partho Sarathi Gooh Pattader', 'Centre for Nanotechnology', 'http://www.iitg.ernet.in/chemeng/psgp.html', '2012-2013'),
	(92, 4, 1, 'Prof. Rakhi Chaturvedi', 'Department of Biosciences & Bioengineering', 'http://shilloi.iitg.ernet.in/~rakhi_chaturvedi', '2012-2013'),
	(93, 4, 2, 'Prof. Gautam Barua', 'Department of Civil Engineering', 'http://www.iitg.ac.in/g_barua/', '2012-2013'),
	(94, 5, 1, 'Dr. Tamal Kumar Guha', 'Lakshminath Bezbaroa Central Library', NULL, '2012-2013');
/*!40000 ALTER TABLE `library_lac` ENABLE KEYS */;

-- Dumping structure for table library.library_lac_groups
DROP TABLE IF EXISTS `library_lac_groups`;
CREATE TABLE IF NOT EXISTS `library_lac_groups` (
  `lac_group_id` int(10) unsigned NOT NULL AUTO_INCREMENT,
  `lac_group_name` varchar(100) NOT NULL,
  `lac_group_order` int(11) DEFAULT NULL,
  PRIMARY KEY (`lac_group_id`)
) ENGINE=InnoDB AUTO_INCREMENT=6 DEFAULT CHARSET=latin1;

-- Dumping data for table library.library_lac_groups: ~5 rows (approximately)
/*!40000 ALTER TABLE `library_lac_groups` DISABLE KEYS */;
INSERT INTO `library_lac_groups` (`lac_group_id`, `lac_group_name`, `lac_group_order`) VALUES
	(1, 'Chairman', 1),
	(2, 'Member (Department Nominee)', 2),
	(3, 'Member (Centre Nominee)', 3),
	(4, 'Member (Senate Nominee)', 4),
	(5, 'Member Secretary (Ex-Officio)', 5);
/*!40000 ALTER TABLE `library_lac_groups` ENABLE KEYS */;

-- Dumping structure for table library.library_latest
DROP TABLE IF EXISTS `library_latest`;
CREATE TABLE IF NOT EXISTS `library_latest` (
  `latest_id` int(10) unsigned NOT NULL AUTO_INCREMENT,
  `latest_order` int(10) NOT NULL,
  `latest_text` mediumtext NOT NULL,
  `latest_url` varchar(1000) NOT NULL,
  `latest_is_new` enum('Yes','No') NOT NULL DEFAULT 'No',
  PRIMARY KEY (`latest_id`)
) ENGINE=InnoDB AUTO_INCREMENT=13 DEFAULT CHARSET=latin1;

-- Dumping data for table library.library_latest: ~7 rows (approximately)
/*!40000 ALTER TABLE `library_latest` DISABLE KEYS */;
INSERT INTO `library_latest` (`latest_id`, `latest_order`, `latest_text`, `latest_url`, `latest_is_new`) VALUES
	(1, 1, '<p>\r\n	Notification: National Digital Library</p>\r\n', 'http://127.0.0.1:8000/resources/uploads/c711e-ndl.pdf', 'Yes'),
	(2, 2, '\r\n	&diams; Gyan- Institutional Repository\r\n', 'http://gyan.iitg.ernet.in/', 'No'),
	(3, 3, '\r\n	&diams; Indian Standards Online(support Chrome/IE)\r\n', 'http://172.16.2.5/bis/home.aspx', 'No'),
	(4, 4, '\r\n	&diams; World eBook Library\r\n', 'http://community.worldlibrary.in/?AffiliateKey=NDL-QV1215', 'No'),
	(5, 5, '\r\n	&diams;&nbsp;South Asia Archive\r\n', 'http://www.southasiaarchive.com/', 'No'),
	(6, 6, '<p>\r\n	&diams; Prowess For Interactive Querying (ProwessIQ) Database</p>\r\n', 'http://127.0.0.1:8000/resources/uploads/3b7ae-prowessiq.pdf', 'No'),
	(12, 7, 'Latest', '', 'No');
/*!40000 ALTER TABLE `library_latest` ENABLE KEYS */;

-- Dumping structure for table library.library_news
DROP TABLE IF EXISTS `library_news`;
CREATE TABLE IF NOT EXISTS `library_news` (
  `news_id` int(10) unsigned NOT NULL AUTO_INCREMENT,
  `news_order` int(10) NOT NULL DEFAULT '0',
  `news_text` mediumtext NOT NULL,
  `news_url` varchar(1000) NOT NULL,
  `news_is_new` enum('Yes','No') NOT NULL DEFAULT 'No',
  `timestamp` timestamp NOT NULL DEFAULT CURRENT_TIMESTAMP ON UPDATE CURRENT_TIMESTAMP,
  PRIMARY KEY (`news_id`)
) ENGINE=InnoDB AUTO_INCREMENT=7 DEFAULT CHARSET=latin1;

-- Dumping data for table library.library_news: ~2 rows (approximately)
/*!40000 ALTER TABLE `library_news` DISABLE KEYS */;
INSERT INTO `library_news` (`news_id`, `news_order`, `news_text`, `news_url`, `news_is_new`, `timestamp`) VALUES
	(5, 1, '&diams; news item 1 : Avertisement for internship', '#', '', '2017-03-22 20:07:19'),
	(6, 2, '&diams; news item 2 : Tender for construction', '', 'No', '2017-03-22 20:07:20');
/*!40000 ALTER TABLE `library_news` ENABLE KEYS */;

-- Dumping structure for table library.library_staff
DROP TABLE IF EXISTS `library_staff`;
CREATE TABLE IF NOT EXISTS `library_staff` (
  `staff_id` int(11) NOT NULL AUTO_INCREMENT,
  `staff_group_id` int(11) unsigned NOT NULL,
  `staff_order` int(11) NOT NULL,
  `staff_name` varchar(100) NOT NULL,
  `staff_designation` varchar(100) DEFAULT NULL,
  `staff_email` varchar(100) DEFAULT NULL,
  `staff_phone` varchar(100) DEFAULT NULL,
  `staff_image` varchar(500) DEFAULT 'unknownUser.png',
  PRIMARY KEY (`staff_id`),
  KEY `FK_staff_staff_group` (`staff_group_id`),
  CONSTRAINT `FK_staff_staff_group` FOREIGN KEY (`staff_group_id`) REFERENCES `library_staff_groups` (`staff_group_id`)
) ENGINE=InnoDB AUTO_INCREMENT=29 DEFAULT CHARSET=latin1;

-- Dumping data for table library.library_staff: ~23 rows (approximately)
/*!40000 ALTER TABLE `library_staff` DISABLE KEYS */;
INSERT INTO `library_staff` (`staff_id`, `staff_group_id`, `staff_order`, `staff_name`, `staff_designation`, `staff_email`, `staff_phone`, `staff_image`) VALUES
	(1, 1, 1, 'Dr. Tamal Kumar Guha', 'Librarian', 'librarian@iitg.ernet.in', '+91-361-258-2112', '733cb-guha.jpg'),
	(6, 2, 1, 'Dr. Bathala Saibaba', 'Deputy Librarian, Periodical Processing (On deputation to IIT Tirupati)', 'sai@iitg.ernet.in', NULL, '149bb-saibaba.jpg'),
	(8, 3, 1, 'Mr. Ranjit Kumar Rajbangshi', 'Record Retention Officer (RAM Cell)', 'ranjit@iitg.ernet.in', '+91-361-258-2113', 'afac7-rkr.jpg'),
	(9, 3, 2, 'Dr. Sanjib Kumar Deka', 'Assistant Librarian (Periodical Processing)', 'skdeka@iitg.ernet.in', '+91-361-258-2127', 'f118a-skdeka.jpg'),
	(10, 4, 1, 'Mrs. Chandrika Dutta', 'SLIO (Acquisition)', 'chandrik@iitg.ernet.in', '+91-361-258-2129', 'c205c-chandrika.jpg'),
	(11, 4, 2, 'Mrs. Gitasri Bordoloi', 'SLIO (Circulation)', 'gitasri@iitg.ernet.in', '+91-361-258-2128', '0042e-gitasri.jpg'),
	(12, 4, 3, 'Mrs. Sewali Mahajan', 'SLIO (Acquisition)', 'sewali@iitg.ernet.in', '+91-361-258-2123', '26588-sewali.jpg'),
	(13, 4, 4, 'Mr. Chandan Kumar Goswami', 'SLIO (Technical Processing)', 'goswami@iitg.ernet.in', '+91-361-258-2120', '92ac3-ckgoswami.jpg'),
	(14, 4, 5, 'Mrs. M. Bina Devi', 'SLIO (Periodical Processing)', 'bina@iitg.ernet.in', '+91-361-258-2124', 'b5d4e-bina.jpg'),
	(15, 4, 6, 'Mr. Chandan Kumar Das', 'SLIO (Technical Processing)', 'ckdas@iitg.ernet.in', '+91-361-258-2122', '1539c-ckdas.jpg'),
	(16, 5, 1, 'Mr. Pranjit Kumar Thakuria', 'LIO (Periodical Processing)', 'pranjit@iitg.ernet.in', '+91-361-258-2126', 'a68bb-pranjit.jpg'),
	(17, 5, 2, 'Mr. Deepak Barman', 'LIO (RAM Cell)', 'barmand@iitg.ernet.in', '+91-361-258-2121', 'd2afe-deepak.jpg'),
	(18, 6, 1, 'Mr. Mintu Dutta', 'SLIA (Acquisition)', 'mintud@iitg.ernet.in', '+91-361-258-2118', '63d77-mintu1.jpg'),
	(19, 6, 2, 'Ms. Bhanushree Deka', 'SLIA (Circulation)', 'bsd@iitg.ernet.in', '+91-361-258-2121', '4894d-bhanu.jpg'),
	(20, 6, 3, 'Mr. Nabakumar Bhoi', 'SLIA (Circulation)', 'nkb@iitg.ernet.in', '+91-361-258-2121', '89b52-nkb.jpg'),
	(21, 6, 4, 'Md. Muzaffar Iqbal', 'SLIA (Periodical Processing)', 'iqbal@iitg.ernet.in', '+91-361-258-2121', 'c7ec0-iqbal.jpg'),
	(22, 6, 5, 'Mr. Trinayan Borgohain', 'SLIA (Cataloguing)', 'tri@iitg.ernet.in', '+91-361-258-2121', '0231b-trinayan.jpg'),
	(23, 7, 1, 'Mr. Debabrata Purkayastha', 'Superintendent', 'dbt@iitg.ernet.in', '+91-361-258-2119', 'eb99d-dbt.jpg'),
	(24, 7, 2, 'Ms. Nitimoyee Mahanta', 'Junior Assistant', 'nitimoyee@iitg.ernet.in', '+91-361-258-2130', 'aa583-niti.jpg'),
	(25, 7, 3, 'Mr. Dibakar Sarma', 'Sr. Attendant', 'diblib@iitg.ernet.in', '+91-361-258-2130', '52a5d-dibakar.jpg'),
	(26, 7, 4, 'Mr. Madan Deka', 'Sr. Attendant', NULL, '+91-361-258-2130', '4721a-madan.jpg'),
	(27, 7, 5, 'Mr. Ranjit Kalita', 'Attendant', 'rkalita@iitg.ernet.in', '+91-361-258-2130', 'a21bc-ranjit.jpg'),
	(28, 8, 1, 'New User', 'new designaytiob', 'qwe', '234', '24a65-atrapitis.gif');
/*!40000 ALTER TABLE `library_staff` ENABLE KEYS */;

-- Dumping structure for table library.library_staff_groups
DROP TABLE IF EXISTS `library_staff_groups`;
CREATE TABLE IF NOT EXISTS `library_staff_groups` (
  `staff_group_id` int(11) unsigned NOT NULL AUTO_INCREMENT,
  `staff_group_name` varchar(100) NOT NULL DEFAULT '0',
  `staff_group_order` int(11) NOT NULL DEFAULT '0',
  PRIMARY KEY (`staff_group_id`)
) ENGINE=InnoDB AUTO_INCREMENT=9 DEFAULT CHARSET=latin1;

-- Dumping data for table library.library_staff_groups: ~8 rows (approximately)
/*!40000 ALTER TABLE `library_staff_groups` DISABLE KEYS */;
INSERT INTO `library_staff_groups` (`staff_group_id`, `staff_group_name`, `staff_group_order`) VALUES
	(1, 'Librarian', 2),
	(2, 'Deputy Librarian', 1),
	(3, 'Assistant Librarian', 3),
	(4, 'Sr. Library Information Officer', 4),
	(5, 'Library Information Officer', 5),
	(6, 'Sr. Library Information Assistant', 6),
	(7, 'Library Office Staff', 7),
	(8, 'new designation group', 8);
/*!40000 ALTER TABLE `library_staff_groups` ENABLE KEYS */;

-- Dumping structure for table library.login_attempts
DROP TABLE IF EXISTS `login_attempts`;
CREATE TABLE IF NOT EXISTS `login_attempts` (
  `id` int(11) unsigned NOT NULL AUTO_INCREMENT,
  `ip_address` varchar(15) NOT NULL,
  `login` varchar(100) NOT NULL,
  `time` int(11) unsigned DEFAULT NULL,
  PRIMARY KEY (`id`)
) ENGINE=InnoDB DEFAULT CHARSET=utf8;

-- Dumping data for table library.login_attempts: ~0 rows (approximately)
/*!40000 ALTER TABLE `login_attempts` DISABLE KEYS */;
/*!40000 ALTER TABLE `login_attempts` ENABLE KEYS */;

-- Dumping structure for table library.users
DROP TABLE IF EXISTS `users`;
CREATE TABLE IF NOT EXISTS `users` (
  `id` int(11) unsigned NOT NULL AUTO_INCREMENT,
  `ip_address` varchar(45) NOT NULL,
  `username` varchar(100) DEFAULT NULL,
  `password` varchar(255) NOT NULL,
  `salt` varchar(255) DEFAULT NULL,
  `email` varchar(100) NOT NULL,
  `activation_code` varchar(40) DEFAULT NULL,
  `forgotten_password_code` varchar(40) DEFAULT NULL,
  `forgotten_password_time` int(11) unsigned DEFAULT NULL,
  `remember_code` varchar(40) DEFAULT NULL,
  `created_on` int(11) unsigned NOT NULL,
  `last_login` int(11) unsigned DEFAULT NULL,
  `active` tinyint(1) unsigned DEFAULT NULL,
  `first_name` varchar(50) DEFAULT NULL,
  `last_name` varchar(50) DEFAULT NULL,
  `company` varchar(100) DEFAULT NULL,
  `phone` varchar(20) DEFAULT NULL,
  PRIMARY KEY (`id`)
) ENGINE=InnoDB AUTO_INCREMENT=6 DEFAULT CHARSET=utf8;

-- Dumping data for table library.users: ~2 rows (approximately)
/*!40000 ALTER TABLE `users` DISABLE KEYS */;
INSERT INTO `users` (`id`, `ip_address`, `username`, `password`, `salt`, `email`, `activation_code`, `forgotten_password_code`, `forgotten_password_time`, `remember_code`, `created_on`, `last_login`, `active`, `first_name`, `last_name`, `company`, `phone`) VALUES
	(1, '127.0.0.1', 'administrator', '$2y$08$PGI5.YzkqFGFy4KXZexL9uvKFuv.x74vcyaRmkBNPXfQoNCJIKFqu', '', 'librarian@iitg.ernet.in', '', NULL, NULL, '97SO2SBq3XwyP3FnQVc8w.', 1268889823, 1490766194, 1, 'Dr. Tamal Kumar', 'Guha', NULL, NULL),
	(4, '127.0.0.1', 'kavishdahekar@gmail.com', '$2y$08$qY9bOjRzdIspBjdWE.6lqOUOTMykgRKu9d3XjjP04K1To4zEn5ipW', NULL, 'kavishdahekar@gmail.com', NULL, NULL, NULL, NULL, 1490739195, 1490740360, 1, 'Kavish', 'Dahekar', NULL, NULL);
/*!40000 ALTER TABLE `users` ENABLE KEYS */;

-- Dumping structure for table library.users_groups
DROP TABLE IF EXISTS `users_groups`;
CREATE TABLE IF NOT EXISTS `users_groups` (
  `id` int(11) unsigned NOT NULL AUTO_INCREMENT,
  `user_id` int(11) unsigned NOT NULL,
  `group_id` mediumint(8) unsigned NOT NULL,
  PRIMARY KEY (`id`),
  UNIQUE KEY `uc_users_groups` (`user_id`,`group_id`),
  KEY `fk_users_groups_users1_idx` (`user_id`),
  KEY `fk_users_groups_groups1_idx` (`group_id`),
  CONSTRAINT `fk_users_groups_groups1` FOREIGN KEY (`group_id`) REFERENCES `groups` (`id`) ON DELETE CASCADE ON UPDATE NO ACTION,
  CONSTRAINT `fk_users_groups_users1` FOREIGN KEY (`user_id`) REFERENCES `users` (`id`) ON DELETE CASCADE ON UPDATE NO ACTION
) ENGINE=InnoDB AUTO_INCREMENT=10 DEFAULT CHARSET=utf8;

-- Dumping data for table library.users_groups: ~2 rows (approximately)
/*!40000 ALTER TABLE `users_groups` DISABLE KEYS */;
INSERT INTO `users_groups` (`id`, `user_id`, `group_id`) VALUES
	(4, 1, 1),
	(8, 4, 2);
/*!40000 ALTER TABLE `users_groups` ENABLE KEYS */;

/*!40101 SET SQL_MODE=IFNULL(@OLD_SQL_MODE, '') */;
/*!40014 SET FOREIGN_KEY_CHECKS=IF(@OLD_FOREIGN_KEY_CHECKS IS NULL, 1, @OLD_FOREIGN_KEY_CHECKS) */;
/*!40101 SET CHARACTER_SET_CLIENT=@OLD_CHARACTER_SET_CLIENT */;
